[    3187ms] [ERROR] Failed to load resource: net::ERR_CONNECTION_REFUSED @ https://ssc.33across.com/api/v1/hb?guid=btGMK4vGGr8BLMrkHcnlKl:0
[    3188ms] [ERROR] Failed to load resource: net::ERR_CONNECTION_REFUSED @ https://ssc.33across.com/api/v1/hb?guid=btGMK4vGGr8BLMrkHcnlKl:0
[    3188ms] [ERROR] Failed to load resource: net::ERR_CONNECTION_REFUSED @ https://ssc.33across.com/api/v1/hb?guid=btGMK4vGGr8BLMrkHcnlKl:0
[    3188ms] [ERROR] Failed to load resource: net::ERR_CONNECTION_REFUSED @ https://ssc.33across.com/api/v1/hb?guid=btGMK4vGGr8BLMrkHcnlKl:0
[    3188ms] [ERROR] Failed to load resource: net::ERR_CONNECTION_REFUSED @ https://ssc.33across.com/api/v1/hb?guid=btGMK4vGGr8BLMrkHcnlKl:0
[    3188ms] [ERROR] Failed to load resource: net::ERR_CONNECTION_REFUSED @ https://ssc.33across.com/api/v1/hb?guid=btGMK4vGGr8BLMrkHcnlKl:0
[    3188ms] [ERROR] Failed to load resource: net::ERR_CONNECTION_REFUSED @ https://ssc.33across.com/api/v1/hb?guid=btGMK4vGGr8BLMrkHcnlKl:0
[    3592ms] [WARNING] [GPT] PubAdsService.clearTargeting is deprecated, use googletag.setConfig({targeting: ...}) instead.
https://goo.gle/gpt-message#170 @ https://securepubads.g.doubleclick.net/pagead/managed/js/gpt/m202607230101/pubads_impl.js?cb=31099963:18
[    3597ms] [WARNING] [GPT] Slot.getTargeting is deprecated, use Slot.getConfig('targeting') instead.
https://goo.gle/gpt-message#201 @ https://securepubads.g.doubleclick.net/pagead/managed/js/gpt/m202607230101/pubads_impl.js?cb=31099963:18
[    4210ms] [ERROR] Failed to load resource: net::ERR_CONNECTION_REFUSED @ https://rt.marphezis.com/hb:0
[    4212ms] [ERROR] Failed to load resource: net::ERR_CONNECTION_REFUSED @ https://rt.marphezis.com/prebid/error:0
[    5130ms] [ERROR] Access to fetch at 'https://1x1.a-mo.net/e' from origin 'https://www.rtings.com' has been blocked by CORS policy: No 'Access-Control-Allow-Origin' header is present on the requested resource. @ https://www.rtings.com/monitor/reviews/dell/u2718q:0
[    5131ms] [ERROR] Failed to load resource: net::ERR_FAILED @ https://1x1.a-mo.net/e:0
[    6793ms] [ERROR] Failed to load resource: net::ERR_SOCKET_NOT_CONNECTED @ https://csync.loopme.me/?pubid=11405&redirect=https%3A%2F%2Fs.amazon-adsystem.com%2Fecm3%3Fex%3Dloopme.com%26id%3D%7Bviewer_token%7D&gdpr=0:0
[    6793ms] [ERROR] Failed to load resource: net::ERR_SOCKET_NOT_CONNECTED @ https://csync.loopme.me/?pubid=11405&redirect=https%3A%2F%2Fs.amazon-adsystem.com%2Fecm3%3Fex%3Dloopme.com%26id%3D%7Bviewer_token%7D&gdpr=0:0
[    8271ms] [ERROR] Failed to load resource: the server responded with a status of 451 () @ https://id.rlcdn.com/464246.gif?partner_uid=c9b74ccc-cecd-4f31-b8f2-8e0bdab69b5a:0
[    8271ms] [ERROR] Failed to load resource: the server responded with a status of 451 () @ https://id.rlcdn.com/713074.gif?:0
[    8312ms] [ERROR] Attestation check for Shared Storage on https://www.googleadservices.com failed. @ https://www.googleadservices.com/pagead/managed/js/activeview/current/reach_worklet.html:0
[    8329ms] [ERROR] Attestation check for Shared Storage on https://www.googleadservices.com failed. @ https://www.googleadservices.com/pagead/managed/js/activeview/current/reach_worklet.html:0
[    8331ms] [ERROR] Attestation check for Shared Storage on https://www.googleadservices.com failed. @ https://www.googleadservices.com/pagead/managed/js/activeview/current/reach_worklet.html:0
[    8332ms] [ERROR] Attestation check for Shared Storage on https://www.googleadservices.com failed. @ https://www.googleadservices.com/pagead/managed/js/activeview/current/reach_worklet.html:0
[    8333ms] [ERROR] Attestation check for Shared Storage on https://www.googleadservices.com failed. @ https://www.googleadservices.com/pagead/managed/js/activeview/current/reach_worklet.html:0
[    8334ms] [ERROR] Attestation check for Shared Storage on https://www.googleadservices.com failed. @ https://www.googleadservices.com/pagead/managed/js/activeview/current/reach_worklet.html:0
[    8472ms] [ERROR] Failed to load resource: the server responded with a status of 451 () @ https://id.rlcdn.com/713263.gif:0
[    8604ms] [ERROR] Failed to load resource: the server responded with a status of 400 () @ https://cm.mgid.com/m?cdsp=834149&c=651134ca-6f0b-4c71-9f01-3d4956aa8b13:0
[    8738ms] [ERROR] Failed to load resource: the server responded with a status of 400 () @ https://s2s.t13.io/setuid?bidder=inmobi&gdpr=0&gdpr_consent=&us_privacy=&gpp=&gpp_sid=&f=i&uid=ID5-1-07f02a95-29fd-49d3-82c5-9d4c3bcbbf73:0
[    8472ms] [ERROR] Failed to load resource: the server responded with a status of 451 () @ https://id.rlcdn.com/713263.gif:0
[    9459ms] [ERROR] Failed to load resource: the server responded with a status of 451 () @ https://id.rlcdn.com/713263.gif:0
[    9640ms] [ERROR] Failed to load resource: the server responded with a status of 404 (Not Found) @ https://b1sync.zemanta.com/usersync/ogury/?gdpr=0&gdpr_consent=us_privacy=%7b%7bUS_PRIVACY%7d%7d&cb=https%3A%2F%2Fms-cookie-sync.presage.io%2Fuser-sync%3Foutbrain_id%3D__ZUID__:0
[    8271ms] [ERROR] Failed to load resource: the server responded with a status of 451 () @ https://id.rlcdn.com/464246.gif?partner_uid=c9b74ccc-cecd-4f31-b8f2-8e0bdab69b5a:0
[    9840ms] [ERROR] Failed to load resource: the server responded with a status of 404 (Not Found) @ https://b1sync.zemanta.com/usersync/ogury/?gdpr=0&gdpr_consent=&cb=https%3A%2F%2Fms-cookie-sync.presage.io%2Fuser-sync%3Foutbrain_id%3D__ZUID__:0
[   10078ms] [ERROR] Failed to load resource: the server responded with a status of 451 () @ https://id.rlcdn.com/464246.gif?partner_uid=c9b74ccc-cecd-4f31-b8f2-8e0bdab69b5a:0
[   10881ms] [ERROR] Failed to load resource: net::ERR_HTTP2_SERVER_REFUSED_STREAM @ https://cs.admanmedia.com/f6840be316cff8120b331878d1e34728.gif?puid=[UID]&redir=https%3A%2F%2Fce.lijit.com%2Fmerge%3Fpid%3D122%263pid%3D%5BUID%5D&gdpr=0&gdpr_consent=:0
[   10882ms] [ERROR] Failed to load resource: net::ERR_HTTP2_SERVER_REFUSED_STREAM @ https://cs.admanmedia.com/081735c92c4aa336da0b87ec328727ee.gif?redir=https%3A%2F%2Fssp.api.tappx.com%2Fcs%2Fusync%3Fidmn%3D231%26type%3Diframe%26id%3D%5BUID%5D%26auxuid%3D&gdpr=0&gdpr_consent=&ccpa={{CCPA}}&coppa={{COPPA}}:0
[   11183ms] [ERROR] Failed to load resource: the server responded with a status of 400 (Bad Request) @ https://sync.adkernel.com/user-sync?zone=252325&gdpr=0&gdpr_consent=&us_privacy=&t=image&r=https%3A%2F%2Fittpx.eskimi.com%2Fsync%3Fdp_id%3D52%26gdpr%3D0%26gdpr_consent%3D%26us_privacy%3D%26user_id%3D%7BUID%7D:0
[   10882ms] [ERROR] Failed to load resource: net::ERR_HTTP2_SERVER_REFUSED_STREAM @ https://cs.admanmedia.com/081735c92c4aa336da0b87ec328727ee.gif?redir=https%3A%2F%2Fssp.api.tappx.com%2Fcs%2Fusync%3Fidmn%3D231%26type%3Diframe%26id%3D%5BUID%5D%26auxuid%3D&gdpr=0&gdpr_consent=&ccpa={{CCPA}}&coppa={{COPPA}}:0
[   11375ms] [ERROR] Failed to load resource: the server responded with a status of 500 () @ https://usersync.gumgum.com/usersync?b=sus&i=%%esc%%%%uid%%%%escend%%amoIQsCo8XwAAMeGsOkAAAAA:0
[   11379ms] [ERROR] Failed to load resource: net::ERR_HTTP2_SERVER_REFUSED_STREAM @ https://cs.admanmedia.com/73c1e1bfc3bde354d60b80e601ae3914.gif?puid=[UID]&redir=https%3A%2F%2Fonetag-sys.com%2Fmatch%2F%3Fint_id%3D164%26gdpr%3D0%26gdpr_consent%3D%26uid%3D%5BUID%5D&gdpr=0&gdpr_consent=&ccpa={{US_PRIVACY}}&coppa=:0
[   10881ms] [ERROR] Failed to load resource: net::ERR_HTTP2_SERVER_REFUSED_STREAM @ https://cs.admanmedia.com/f6840be316cff8120b331878d1e34728.gif?puid=[UID]&redir=https%3A%2F%2Fce.lijit.com%2Fmerge%3Fpid%3D122%263pid%3D%5BUID%5D&gdpr=0&gdpr_consent=:0
[   11756ms] [ERROR] Failed to load resource: the server responded with a status of 451 () @ https://idsync.rlcdn.com/713113.gif?partner_uid=ID5-1-07f02a95-29fd-49d3-82c5-9d4c3bcbbf73:0
[   11379ms] [ERROR] Failed to load resource: net::ERR_HTTP2_SERVER_REFUSED_STREAM @ https://cs.admanmedia.com/73c1e1bfc3bde354d60b80e601ae3914.gif?puid=[UID]&redir=https%3A%2F%2Fonetag-sys.com%2Fmatch%2F%3Fint_id%3D164%26gdpr%3D0%26gdpr_consent%3D%26uid%3D%5BUID%5D&gdpr=0&gdpr_consent=&ccpa={{US_PRIVACY}}&coppa=:0
[    8271ms] [ERROR] Failed to load resource: the server responded with a status of 451 () @ https://id.rlcdn.com/464246.gif?partner_uid=c9b74ccc-cecd-4f31-b8f2-8e0bdab69b5a:0
[   10078ms] [ERROR] Failed to load resource: the server responded with a status of 451 () @ https://id.rlcdn.com/464246.gif?partner_uid=c9b74ccc-cecd-4f31-b8f2-8e0bdab69b5a:0
[    8271ms] [ERROR] Failed to load resource: the server responded with a status of 451 () @ https://id.rlcdn.com/464246.gif?partner_uid=c9b74ccc-cecd-4f31-b8f2-8e0bdab69b5a:0
[   10078ms] [ERROR] Failed to load resource: the server responded with a status of 451 () @ https://id.rlcdn.com/464246.gif?partner_uid=c9b74ccc-cecd-4f31-b8f2-8e0bdab69b5a:0
[   12590ms] [ERROR] Failed to load resource: the server responded with a status of 451 () @ https://id.rlcdn.com/464246.gif?partner_uid=c9b74ccc-cecd-4f31-b8f2-8e0bdab69b5a:0
[   12761ms] [ERROR] Failed to load resource: the server responded with a status of 451 () @ https://id.rlcdn.com/464246.gif?partner_uid=c9b74ccc-cecd-4f31-b8f2-8e0bdab69b5a:0
[   10881ms] [ERROR] Failed to load resource: net::ERR_HTTP2_SERVER_REFUSED_STREAM @ https://cs.admanmedia.com/f6840be316cff8120b331878d1e34728.gif?puid=[UID]&redir=https%3A%2F%2Fce.lijit.com%2Fmerge%3Fpid%3D122%263pid%3D%5BUID%5D&gdpr=0&gdpr_consent=:0
[   13484ms] [ERROR] Failed to load resource: the server responded with a status of 451 () @ https://idsync.rlcdn.com/420486.gif?partner_uid=51A3A320-04BB-47B3-B902-FC94E15B017F:0
[   13661ms] [ERROR] Failed to load resource: the server responded with a status of 451 () @ https://idsync.rlcdn.com/420486.gif?partner_uid=51A3A320-04BB-47B3-B902-FC94E15B017F:0
[   11379ms] [ERROR] Failed to load resource: net::ERR_HTTP2_SERVER_REFUSED_STREAM @ https://cs.admanmedia.com/73c1e1bfc3bde354d60b80e601ae3914.gif?puid=[UID]&redir=https%3A%2F%2Fonetag-sys.com%2Fmatch%2F%3Fint_id%3D164%26gdpr%3D0%26gdpr_consent%3D%26uid%3D%5BUID%5D&gdpr=0&gdpr_consent=&ccpa={{US_PRIVACY}}&coppa=:0
[   11379ms] [ERROR] Failed to load resource: net::ERR_HTTP2_SERVER_REFUSED_STREAM @ https://cs.admanmedia.com/73c1e1bfc3bde354d60b80e601ae3914.gif?puid=[UID]&redir=https%3A%2F%2Fonetag-sys.com%2Fmatch%2F%3Fint_id%3D164%26gdpr%3D0%26gdpr_consent%3D%26uid%3D%5BUID%5D&gdpr=0&gdpr_consent=&ccpa={{US_PRIVACY}}&coppa=:0
[    6793ms] [ERROR] Failed to load resource: net::ERR_SOCKET_NOT_CONNECTED @ https://csync.loopme.me/?pubid=11405&redirect=https%3A%2F%2Fs.amazon-adsystem.com%2Fecm3%3Fex%3Dloopme.com%26id%3D%7Bviewer_token%7D&gdpr=0:0
[   10882ms] [ERROR] Failed to load resource: net::ERR_HTTP2_SERVER_REFUSED_STREAM @ https://cs.admanmedia.com/081735c92c4aa336da0b87ec328727ee.gif?redir=https%3A%2F%2Fssp.api.tappx.com%2Fcs%2Fusync%3Fidmn%3D231%26type%3Diframe%26id%3D%5BUID%5D%26auxuid%3D&gdpr=0&gdpr_consent=&ccpa={{CCPA}}&coppa={{COPPA}}:0
[   13838ms] [ERROR] Failed to load resource: the server responded with a status of 451 () @ https://idsync.rlcdn.com/420486.gif?partner_uid=51A3A320-04BB-47B3-B902-FC94E15B017F:0
[    8472ms] [ERROR] Failed to load resource: the server responded with a status of 451 () @ https://id.rlcdn.com/713263.gif:0
[    9459ms] [ERROR] Failed to load resource: the server responded with a status of 451 () @ https://id.rlcdn.com/713263.gif:0
[    9640ms] [ERROR] Failed to load resource: the server responded with a status of 404 (Not Found) @ https://b1sync.zemanta.com/usersync/ogury/?gdpr=0&gdpr_consent=us_privacy=%7b%7bUS_PRIVACY%7d%7d&cb=https%3A%2F%2Fms-cookie-sync.presage.io%2Fuser-sync%3Foutbrain_id%3D__ZUID__:0
[    9840ms] [ERROR] Failed to load resource: the server responded with a status of 404 (Not Found) @ https://b1sync.zemanta.com/usersync/ogury/?gdpr=0&gdpr_consent=&cb=https%3A%2F%2Fms-cookie-sync.presage.io%2Fuser-sync%3Foutbrain_id%3D__ZUID__:0
[    6793ms] [ERROR] Failed to load resource: net::ERR_SOCKET_NOT_CONNECTED @ https://csync.loopme.me/?pubid=11405&redirect=https%3A%2F%2Fs.amazon-adsystem.com%2Fecm3%3Fex%3Dloopme.com%26id%3D%7Bviewer_token%7D&gdpr=0:0
[    8472ms] [ERROR] Failed to load resource: the server responded with a status of 451 () @ https://id.rlcdn.com/713263.gif:0
[    9459ms] [ERROR] Failed to load resource: the server responded with a status of 451 () @ https://id.rlcdn.com/713263.gif:0
[    9640ms] [ERROR] Failed to load resource: the server responded with a status of 404 (Not Found) @ https://b1sync.zemanta.com/usersync/ogury/?gdpr=0&gdpr_consent=us_privacy=%7b%7bUS_PRIVACY%7d%7d&cb=https%3A%2F%2Fms-cookie-sync.presage.io%2Fuser-sync%3Foutbrain_id%3D__ZUID__:0
[    9840ms] [ERROR] Failed to load resource: the server responded with a status of 404 (Not Found) @ https://b1sync.zemanta.com/usersync/ogury/?gdpr=0&gdpr_consent=&cb=https%3A%2F%2Fms-cookie-sync.presage.io%2Fuser-sync%3Foutbrain_id%3D__ZUID__:0
[   14135ms] [ERROR] Failed to load resource: the server responded with a status of 400 () @ https://ups.analytics.yahoo.com/ups/58292/sync?_origin=1&uid=51A3A320-04BB-47B3-B902-FC94E15B017F&redir=true&gdpr=0&gdpr_consent=us_privacy={{US_PRIVACY}}&us_privacy=1---&gpp=&gpp_sid=:0
[   14135ms] [ERROR] Failed to load resource: the server responded with a status of 400 () @ https://ups.analytics.yahoo.com/ups/58292/sync?_origin=1&uid=51A3A320-04BB-47B3-B902-FC94E15B017F&redir=true&gdpr=0&gdpr_consent=us_privacy={{US_PRIVACY}}&us_privacy=1---&gpp=&gpp_sid=:0
[   14138ms] [ERROR] Failed to load resource: the server responded with a status of 400 () @ https://ups.analytics.yahoo.com/ups/58917/cms?uid=51A3A320-04BB-47B3-B902-FC94E15B017F&gpp=&gpp_sid=&us_privacy=1---&gdpr=0&gdpr_consent=us_privacy={{US_PRIVACY}}:0
[   14227ms] [ERROR] Failed to load resource: the server responded with a status of 400 (Bad Request) @ https://match.prod.bidr.io/cookie-sync/pm?gdpr=0&gdpr_consent=us_privacy={{US_PRIVACY}}&us_privacy=1---&gpp=&gpp_sid=:0
[    6793ms] [ERROR] Failed to load resource: net::ERR_SOCKET_NOT_CONNECTED @ https://csync.loopme.me/?pubid=11405&redirect=https%3A%2F%2Fs.amazon-adsystem.com%2Fecm3%3Fex%3Dloopme.com%26id%3D%7Bviewer_token%7D&gdpr=0:0
[   11375ms] [ERROR] Failed to load resource: the server responded with a status of 500 () @ https://usersync.gumgum.com/usersync?b=sus&i=%%esc%%%%uid%%%%escend%%amoIQsCo8XwAAMeGsOkAAAAA:0
[   14135ms] [ERROR] Failed to load resource: the server responded with a status of 400 () @ https://ups.analytics.yahoo.com/ups/58292/sync?_origin=1&uid=51A3A320-04BB-47B3-B902-FC94E15B017F&redir=true&gdpr=0&gdpr_consent=us_privacy={{US_PRIVACY}}&us_privacy=1---&gpp=&gpp_sid=:0
[   14138ms] [ERROR] Failed to load resource: the server responded with a status of 400 () @ https://ups.analytics.yahoo.com/ups/58917/cms?uid=51A3A320-04BB-47B3-B902-FC94E15B017F&gpp=&gpp_sid=&us_privacy=1---&gdpr=0&gdpr_consent=us_privacy={{US_PRIVACY}}:0
[   14942ms] [ERROR] Failed to load resource: the server responded with a status of 400 () @ https://ups.analytics.yahoo.com/ups/58917/cms?uid=51A3A320-04BB-47B3-B902-FC94E15B017F&gpp=&gpp_sid=&us_privacy=1---&gdpr=0&gdpr_consent=us_privacy={{US_PRIVACY}}:0
[   11183ms] [ERROR] Failed to load resource: the server responded with a status of 400 (Bad Request) @ https://sync.adkernel.com/user-sync?zone=252325&gdpr=0&gdpr_consent=&us_privacy=&t=image&r=https%3A%2F%2Fittpx.eskimi.com%2Fsync%3Fdp_id%3D52%26gdpr%3D0%26gdpr_consent%3D%26us_privacy%3D%26user_id%3D%7BUID%7D:0
[   11379ms] [ERROR] Failed to load resource: net::ERR_HTTP2_SERVER_REFUSED_STREAM @ https://cs.admanmedia.com/73c1e1bfc3bde354d60b80e601ae3914.gif?puid=[UID]&redir=https%3A%2F%2Fonetag-sys.com%2Fmatch%2F%3Fint_id%3D164%26gdpr%3D0%26gdpr_consent%3D%26uid%3D%5BUID%5D&gdpr=0&gdpr_consent=&ccpa={{US_PRIVACY}}&coppa=:0
[   10881ms] [ERROR] Failed to load resource: net::ERR_HTTP2_SERVER_REFUSED_STREAM @ https://cs.admanmedia.com/f6840be316cff8120b331878d1e34728.gif?puid=[UID]&redir=https%3A%2F%2Fce.lijit.com%2Fmerge%3Fpid%3D122%263pid%3D%5BUID%5D&gdpr=0&gdpr_consent=:0
[   11379ms] [ERROR] Failed to load resource: net::ERR_HTTP2_SERVER_REFUSED_STREAM @ https://cs.admanmedia.com/73c1e1bfc3bde354d60b80e601ae3914.gif?puid=[UID]&redir=https%3A%2F%2Fonetag-sys.com%2Fmatch%2F%3Fint_id%3D164%26gdpr%3D0%26gdpr_consent%3D%26uid%3D%5BUID%5D&gdpr=0&gdpr_consent=&ccpa={{US_PRIVACY}}&coppa=:0
[   11379ms] [ERROR] Failed to load resource: net::ERR_HTTP2_SERVER_REFUSED_STREAM @ https://cs.admanmedia.com/73c1e1bfc3bde354d60b80e601ae3914.gif?puid=[UID]&redir=https%3A%2F%2Fonetag-sys.com%2Fmatch%2F%3Fint_id%3D164%26gdpr%3D0%26gdpr_consent%3D%26uid%3D%5BUID%5D&gdpr=0&gdpr_consent=&ccpa={{US_PRIVACY}}&coppa=:0
[   11379ms] [ERROR] Failed to load resource: net::ERR_HTTP2_SERVER_REFUSED_STREAM @ https://cs.admanmedia.com/73c1e1bfc3bde354d60b80e601ae3914.gif?puid=[UID]&redir=https%3A%2F%2Fonetag-sys.com%2Fmatch%2F%3Fint_id%3D164%26gdpr%3D0%26gdpr_consent%3D%26uid%3D%5BUID%5D&gdpr=0&gdpr_consent=&ccpa={{US_PRIVACY}}&coppa=:0
[   11379ms] [ERROR] Failed to load resource: net::ERR_HTTP2_SERVER_REFUSED_STREAM @ https://cs.admanmedia.com/73c1e1bfc3bde354d60b80e601ae3914.gif?puid=[UID]&redir=https%3A%2F%2Fonetag-sys.com%2Fmatch%2F%3Fint_id%3D164%26gdpr%3D0%26gdpr_consent%3D%26uid%3D%5BUID%5D&gdpr=0&gdpr_consent=&ccpa={{US_PRIVACY}}&coppa=:0
[   11379ms] [ERROR] Failed to load resource: net::ERR_HTTP2_SERVER_REFUSED_STREAM @ https://cs.admanmedia.com/73c1e1bfc3bde354d60b80e601ae3914.gif?puid=[UID]&redir=https%3A%2F%2Fonetag-sys.com%2Fmatch%2F%3Fint_id%3D164%26gdpr%3D0%26gdpr_consent%3D%26uid%3D%5BUID%5D&gdpr=0&gdpr_consent=&ccpa={{US_PRIVACY}}&coppa=:0
[   11379ms] [ERROR] Failed to load resource: net::ERR_HTTP2_SERVER_REFUSED_STREAM @ https://cs.admanmedia.com/73c1e1bfc3bde354d60b80e601ae3914.gif?puid=[UID]&redir=https%3A%2F%2Fonetag-sys.com%2Fmatch%2F%3Fint_id%3D164%26gdpr%3D0%26gdpr_consent%3D%26uid%3D%5BUID%5D&gdpr=0&gdpr_consent=&ccpa={{US_PRIVACY}}&coppa=:0
[   11379ms] [ERROR] Failed to load resource: net::ERR_HTTP2_SERVER_REFUSED_STREAM @ https://cs.admanmedia.com/73c1e1bfc3bde354d60b80e601ae3914.gif?puid=[UID]&redir=https%3A%2F%2Fonetag-sys.com%2Fmatch%2F%3Fint_id%3D164%26gdpr%3D0%26gdpr_consent%3D%26uid%3D%5BUID%5D&gdpr=0&gdpr_consent=&ccpa={{US_PRIVACY}}&coppa=:0
[   11379ms] [ERROR] Failed to load resource: net::ERR_HTTP2_SERVER_REFUSED_STREAM @ https://cs.admanmedia.com/73c1e1bfc3bde354d60b80e601ae3914.gif?puid=[UID]&redir=https%3A%2F%2Fonetag-sys.com%2Fmatch%2F%3Fint_id%3D164%26gdpr%3D0%26gdpr_consent%3D%26uid%3D%5BUID%5D&gdpr=0&gdpr_consent=&ccpa={{US_PRIVACY}}&coppa=:0
[   11379ms] [ERROR] Failed to load resource: net::ERR_HTTP2_SERVER_REFUSED_STREAM @ https://cs.admanmedia.com/73c1e1bfc3bde354d60b80e601ae3914.gif?puid=[UID]&redir=https%3A%2F%2Fonetag-sys.com%2Fmatch%2F%3Fint_id%3D164%26gdpr%3D0%26gdpr_consent%3D%26uid%3D%5BUID%5D&gdpr=0&gdpr_consent=&ccpa={{US_PRIVACY}}&coppa=:0
[   11379ms] [ERROR] Failed to load resource: net::ERR_HTTP2_SERVER_REFUSED_STREAM @ https://cs.admanmedia.com/73c1e1bfc3bde354d60b80e601ae3914.gif?puid=[UID]&redir=https%3A%2F%2Fonetag-sys.com%2Fmatch%2F%3Fint_id%3D164%26gdpr%3D0%26gdpr_consent%3D%26uid%3D%5BUID%5D&gdpr=0&gdpr_consent=&ccpa={{US_PRIVACY}}&coppa=:0
[   11379ms] [ERROR] Failed to load resource: net::ERR_HTTP2_SERVER_REFUSED_STREAM @ https://cs.admanmedia.com/73c1e1bfc3bde354d60b80e601ae3914.gif?puid=[UID]&redir=https%3A%2F%2Fonetag-sys.com%2Fmatch%2F%3Fint_id%3D164%26gdpr%3D0%26gdpr_consent%3D%26uid%3D%5BUID%5D&gdpr=0&gdpr_consent=&ccpa={{US_PRIVACY}}&coppa=:0
[   11379ms] [ERROR] Failed to load resource: net::ERR_HTTP2_SERVER_REFUSED_STREAM @ https://cs.admanmedia.com/73c1e1bfc3bde354d60b80e601ae3914.gif?puid=[UID]&redir=https%3A%2F%2Fonetag-sys.com%2Fmatch%2F%3Fint_id%3D164%26gdpr%3D0%26gdpr_consent%3D%26uid%3D%5BUID%5D&gdpr=0&gdpr_consent=&ccpa={{US_PRIVACY}}&coppa=:0
[   11379ms] [ERROR] Failed to load resource: net::ERR_HTTP2_SERVER_REFUSED_STREAM @ https://cs.admanmedia.com/73c1e1bfc3bde354d60b80e601ae3914.gif?puid=[UID]&redir=https%3A%2F%2Fonetag-sys.com%2Fmatch%2F%3Fint_id%3D164%26gdpr%3D0%26gdpr_consent%3D%26uid%3D%5BUID%5D&gdpr=0&gdpr_consent=&ccpa={{US_PRIVACY}}&coppa=:0
[   11379ms] [ERROR] Failed to load resource: net::ERR_HTTP2_SERVER_REFUSED_STREAM @ https://cs.admanmedia.com/73c1e1bfc3bde354d60b80e601ae3914.gif?puid=[UID]&redir=https%3A%2F%2Fonetag-sys.com%2Fmatch%2F%3Fint_id%3D164%26gdpr%3D0%26gdpr_consent%3D%26uid%3D%5BUID%5D&gdpr=0&gdpr_consent=&ccpa={{US_PRIVACY}}&coppa=:0
[   11379ms] [ERROR] Failed to load resource: net::ERR_HTTP2_SERVER_REFUSED_STREAM @ https://cs.admanmedia.com/73c1e1bfc3bde354d60b80e601ae3914.gif?puid=[UID]&redir=https%3A%2F%2Fonetag-sys.com%2Fmatch%2F%3Fint_id%3D164%26gdpr%3D0%26gdpr_consent%3D%26uid%3D%5BUID%5D&gdpr=0&gdpr_consent=&ccpa={{US_PRIVACY}}&coppa=:0
[   11379ms] [ERROR] Failed to load resource: net::ERR_HTTP2_SERVER_REFUSED_STREAM @ https://cs.admanmedia.com/73c1e1bfc3bde354d60b80e601ae3914.gif?puid=[UID]&redir=https%3A%2F%2Fonetag-sys.com%2Fmatch%2F%3Fint_id%3D164%26gdpr%3D0%26gdpr_consent%3D%26uid%3D%5BUID%5D&gdpr=0&gdpr_consent=&ccpa={{US_PRIVACY}}&coppa=:0
[   11379ms] [ERROR] Failed to load resource: net::ERR_HTTP2_SERVER_REFUSED_STREAM @ https://cs.admanmedia.com/73c1e1bfc3bde354d60b80e601ae3914.gif?puid=[UID]&redir=https%3A%2F%2Fonetag-sys.com%2Fmatch%2F%3Fint_id%3D164%26gdpr%3D0%26gdpr_consent%3D%26uid%3D%5BUID%5D&gdpr=0&gdpr_consent=&ccpa={{US_PRIVACY}}&coppa=:0
[   11379ms] [ERROR] Failed to load resource: net::ERR_HTTP2_SERVER_REFUSED_STREAM @ https://cs.admanmedia.com/73c1e1bfc3bde354d60b80e601ae3914.gif?puid=[UID]&redir=https%3A%2F%2Fonetag-sys.com%2Fmatch%2F%3Fint_id%3D164%26gdpr%3D0%26gdpr_consent%3D%26uid%3D%5BUID%5D&gdpr=0&gdpr_consent=&ccpa={{US_PRIVACY}}&coppa=:0
[   32982ms] [ERROR] Failed to load resource: net::ERR_CONNECTION_REFUSED @ https://ssc.33across.com/api/v1/hb?guid=btGMK4vGGr8BLMrkHcnlKl:0
[   32984ms] [ERROR] Failed to load resource: net::ERR_CONNECTION_REFUSED @ https://rt.marphezis.com/hb:0
[   32989ms] [ERROR] Failed to load resource: net::ERR_CONNECTION_REFUSED @ https://rt.marphezis.com/prebid/error:0
[   33188ms] [ERROR] Failed to load resource: net::ERR_CONNECTION_REFUSED @ https://rt.marphezis.com/hb:0
[   33188ms] [ERROR] Failed to load resource: net::ERR_CONNECTION_REFUSED @ https://ssc.33across.com/api/v1/hb?guid=btGMK4vGGr8BLMrkHcnlKl:0
[   33191ms] [ERROR] Failed to load resource: net::ERR_CONNECTION_REFUSED @ https://rt.marphezis.com/prebid/error:0
[   33232ms] [ERROR] Failed to load resource: net::ERR_CONNECTION_REFUSED @ https://rt.marphezis.com/hb:0
[   33233ms] [ERROR] Failed to load resource: net::ERR_CONNECTION_REFUSED @ https://ssc.33across.com/api/v1/hb?guid=btGMK4vGGr8BLMrkHcnlKl:0
[   33234ms] [ERROR] Failed to load resource: net::ERR_CONNECTION_REFUSED @ https://rt.marphezis.com/prebid/error:0
[   33272ms] [ERROR] Access to fetch at 'https://hb-api.omnitagjs.com/hb-api/prebid/v1?RefererUrl=https%3A%2F%2Fwww.rtings.com%2Fmonitor%2Freviews%2Fdell%2Fu2718q&PageUrl=https%3A%2F%2Fwww.rtings.com%2Fmonitor%2Freviews%2Fdell%2Fu2718q&PageReferrer=https%3A%2F%2Fwww.rtings.com%2Fmonitor%2Freviews%2Fdell%2Fu2718q&CanonicalUrl=https%3A%2F%2Fwww.rtings.com%2Fmonitor%2Freviews%2Fdell%2Fu2718q' from origin 'https://www.rtings.com' has been blocked by CORS policy: No 'Access-Control-Allow-Origin' header is present on the requested resource. @ https://www.rtings.com/monitor/reviews/dell/u2718q:0
[   33272ms] [ERROR] Failed to load resource: net::ERR_FAILED @ https://hb-api.omnitagjs.com/hb-api/prebid/v1?RefererUrl=https%3A%2F%2Fwww.rtings.com%2Fmonitor%2Freviews%2Fdell%2Fu2718q&PageUrl=https%3A%2F%2Fwww.rtings.com%2Fmonitor%2Freviews%2Fdell%2Fu2718q&PageReferrer=https%3A%2F%2Fwww.rtings.com%2Fmonitor%2Freviews%2Fdell%2Fu2718q&CanonicalUrl=https%3A%2F%2Fwww.rtings.com%2Fmonitor%2Freviews%2Fdell%2Fu2718q:0
[   33857ms] [ERROR] Access to fetch at 'https://hb-api.omnitagjs.com/hb-api/prebid/v1?RefererUrl=https%3A%2F%2Fwww.rtings.com%2Fmonitor%2Freviews%2Fdell%2Fu2718q&PageUrl=https%3A%2F%2Fwww.rtings.com%2Fmonitor%2Freviews%2Fdell%2Fu2718q&PageReferrer=https%3A%2F%2Fwww.rtings.com%2Fmonitor%2Freviews%2Fdell%2Fu2718q&CanonicalUrl=https%3A%2F%2Fwww.rtings.com%2Fmonitor%2Freviews%2Fdell%2Fu2718q' from origin 'https://www.rtings.com' has been blocked by CORS policy: No 'Access-Control-Allow-Origin' header is present on the requested resource. @ https://www.rtings.com/monitor/reviews/dell/u2718q:0
[   33857ms] [ERROR] Failed to load resource: net::ERR_FAILED @ https://hb-api.omnitagjs.com/hb-api/prebid/v1?RefererUrl=https%3A%2F%2Fwww.rtings.com%2Fmonitor%2Freviews%2Fdell%2Fu2718q&PageUrl=https%3A%2F%2Fwww.rtings.com%2Fmonitor%2Freviews%2Fdell%2Fu2718q&PageReferrer=https%3A%2F%2Fwww.rtings.com%2Fmonitor%2Freviews%2Fdell%2Fu2718q&CanonicalUrl=https%3A%2F%2Fwww.rtings.com%2Fmonitor%2Freviews%2Fdell%2Fu2718q:0
[   33891ms] [ERROR] Access to fetch at 'https://hb-api.omnitagjs.com/hb-api/prebid/v1?RefererUrl=https%3A%2F%2Fwww.rtings.com%2Fmonitor%2Freviews%2Fdell%2Fu2718q&PageUrl=https%3A%2F%2Fwww.rtings.com%2Fmonitor%2Freviews%2Fdell%2Fu2718q&PageReferrer=https%3A%2F%2Fwww.rtings.com%2Fmonitor%2Freviews%2Fdell%2Fu2718q&CanonicalUrl=https%3A%2F%2Fwww.rtings.com%2Fmonitor%2Freviews%2Fdell%2Fu2718q' from origin 'https://www.rtings.com' has been blocked by CORS policy: No 'Access-Control-Allow-Origin' header is present on the requested resource. @ https://www.rtings.com/monitor/reviews/dell/u2718q:0
[   33891ms] [ERROR] Failed to load resource: net::ERR_FAILED @ https://hb-api.omnitagjs.com/hb-api/prebid/v1?RefererUrl=https%3A%2F%2Fwww.rtings.com%2Fmonitor%2Freviews%2Fdell%2Fu2718q&PageUrl=https%3A%2F%2Fwww.rtings.com%2Fmonitor%2Freviews%2Fdell%2Fu2718q&PageReferrer=https%3A%2F%2Fwww.rtings.com%2Fmonitor%2Freviews%2Fdell%2Fu2718q&CanonicalUrl=https%3A%2F%2Fwww.rtings.com%2Fmonitor%2Freviews%2Fdell%2Fu2718q:0
[    8312ms] [ERROR] Attestation check for Shared Storage on https://www.googleadservices.com failed. @ https://www.googleadservices.com/pagead/managed/js/activeview/current/reach_worklet.html:0
[    8329ms] [ERROR] Attestation check for Shared Storage on https://www.googleadservices.com failed. @ https://www.googleadservices.com/pagead/managed/js/activeview/current/reach_worklet.html:0
[    8331ms] [ERROR] Attestation check for Shared Storage on https://www.googleadservices.com failed. @ https://www.googleadservices.com/pagead/managed/js/activeview/current/reach_worklet.html:0
[    8332ms] [ERROR] Attestation check for Shared Storage on https://www.googleadservices.com failed. @ https://www.googleadservices.com/pagead/managed/js/activeview/current/reach_worklet.html:0
[    8333ms] [ERROR] Attestation check for Shared Storage on https://www.googleadservices.com failed. @ https://www.googleadservices.com/pagead/managed/js/activeview/current/reach_worklet.html:0
[    8334ms] [ERROR] Attestation check for Shared Storage on https://www.googleadservices.com failed. @ https://www.googleadservices.com/pagead/managed/js/activeview/current/reach_worklet.html:0
[    8312ms] [ERROR] Attestation check for Shared Storage on https://www.googleadservices.com failed. @ https://www.googleadservices.com/pagead/managed/js/activeview/current/reach_worklet.html:0
[    8329ms] [ERROR] Attestation check for Shared Storage on https://www.googleadservices.com failed. @ https://www.googleadservices.com/pagead/managed/js/activeview/current/reach_worklet.html:0
[    8331ms] [ERROR] Attestation check for Shared Storage on https://www.googleadservices.com failed. @ https://www.googleadservices.com/pagead/managed/js/activeview/current/reach_worklet.html:0
[    8332ms] [ERROR] Attestation check for Shared Storage on https://www.googleadservices.com failed. @ https://www.googleadservices.com/pagead/managed/js/activeview/current/reach_worklet.html:0
[    8333ms] [ERROR] Attestation check for Shared Storage on https://www.googleadservices.com failed. @ https://www.googleadservices.com/pagead/managed/js/activeview/current/reach_worklet.html:0
[    8334ms] [ERROR] Attestation check for Shared Storage on https://www.googleadservices.com failed. @ https://www.googleadservices.com/pagead/managed/js/activeview/current/reach_worklet.html:0
[   35267ms] [ERROR] Attestation check for Shared Storage on https://www.googleadservices.com failed. @ https://www.googleadservices.com/pagead/managed/js/activeview/current/reach_worklet.html:0
[    8312ms] [ERROR] Attestation check for Shared Storage on https://www.googleadservices.com failed. @ https://www.googleadservices.com/pagead/managed/js/activeview/current/reach_worklet.html:0
[    8329ms] [ERROR] Attestation check for Shared Storage on https://www.googleadservices.com failed. @ https://www.googleadservices.com/pagead/managed/js/activeview/current/reach_worklet.html:0
[    8331ms] [ERROR] Attestation check for Shared Storage on https://www.googleadservices.com failed. @ https://www.googleadservices.com/pagead/managed/js/activeview/current/reach_worklet.html:0
[    8332ms] [ERROR] Attestation check for Shared Storage on https://www.googleadservices.com failed. @ https://www.googleadservices.com/pagead/managed/js/activeview/current/reach_worklet.html:0
[    8333ms] [ERROR] Attestation check for Shared Storage on https://www.googleadservices.com failed. @ https://www.googleadservices.com/pagead/managed/js/activeview/current/reach_worklet.html:0
[    8334ms] [ERROR] Attestation check for Shared Storage on https://www.googleadservices.com failed. @ https://www.googleadservices.com/pagead/managed/js/activeview/current/reach_worklet.html:0
[   35267ms] [ERROR] Attestation check for Shared Storage on https://www.googleadservices.com failed. @ https://www.googleadservices.com/pagead/managed/js/activeview/current/reach_worklet.html:0
[   35338ms] [ERROR] Attestation check for Shared Storage on https://www.googleadservices.com failed. @ https://www.googleadservices.com/pagead/managed/js/activeview/current/reach_worklet.html:0
[   35365ms] [ERROR] Attestation check for Shared Storage on https://www.googleadservices.com failed. @ https://www.googleadservices.com/pagead/managed/js/activeview/current/reach_worklet.html:0
[   10882ms] [ERROR] Failed to load resource: net::ERR_HTTP2_SERVER_REFUSED_STREAM @ https://cs.admanmedia.com/081735c92c4aa336da0b87ec328727ee.gif?redir=https%3A%2F%2Fssp.api.tappx.com%2Fcs%2Fusync%3Fidmn%3D231%26type%3Diframe%26id%3D%5BUID%5D%26auxuid%3D&gdpr=0&gdpr_consent=&ccpa={{CCPA}}&coppa={{COPPA}}:0
[   11375ms] [ERROR] Failed to load resource: the server responded with a status of 500 () @ https://usersync.gumgum.com/usersync?b=sus&i=%%esc%%%%uid%%%%escend%%amoIQsCo8XwAAMeGsOkAAAAA:0
[    8472ms] [ERROR] Failed to load resource: the server responded with a status of 451 () @ https://id.rlcdn.com/713263.gif:0
[    9459ms] [ERROR] Failed to load resource: the server responded with a status of 451 () @ https://id.rlcdn.com/713263.gif:0
[    9640ms] [ERROR] Failed to load resource: the server responded with a status of 404 (Not Found) @ https://b1sync.zemanta.com/usersync/ogury/?gdpr=0&gdpr_consent=us_privacy=%7b%7bUS_PRIVACY%7d%7d&cb=https%3A%2F%2Fms-cookie-sync.presage.io%2Fuser-sync%3Foutbrain_id%3D__ZUID__:0
[    9840ms] [ERROR] Failed to load resource: the server responded with a status of 404 (Not Found) @ https://b1sync.zemanta.com/usersync/ogury/?gdpr=0&gdpr_consent=&cb=https%3A%2F%2Fms-cookie-sync.presage.io%2Fuser-sync%3Foutbrain_id%3D__ZUID__:0
[   11183ms] [ERROR] Failed to load resource: the server responded with a status of 400 (Bad Request) @ https://sync.adkernel.com/user-sync?zone=252325&gdpr=0&gdpr_consent=&us_privacy=&t=image&r=https%3A%2F%2Fittpx.eskimi.com%2Fsync%3Fdp_id%3D52%26gdpr%3D0%26gdpr_consent%3D%26us_privacy%3D%26user_id%3D%7BUID%7D:0
[    8472ms] [ERROR] Failed to load resource: the server responded with a status of 451 () @ https://id.rlcdn.com/713263.gif:0
[    9459ms] [ERROR] Failed to load resource: the server responded with a status of 451 () @ https://id.rlcdn.com/713263.gif:0
[    9640ms] [ERROR] Failed to load resource: the server responded with a status of 404 (Not Found) @ https://b1sync.zemanta.com/usersync/ogury/?gdpr=0&gdpr_consent=us_privacy=%7b%7bUS_PRIVACY%7d%7d&cb=https%3A%2F%2Fms-cookie-sync.presage.io%2Fuser-sync%3Foutbrain_id%3D__ZUID__:0
[    9840ms] [ERROR] Failed to load resource: the server responded with a status of 404 (Not Found) @ https://b1sync.zemanta.com/usersync/ogury/?gdpr=0&gdpr_consent=&cb=https%3A%2F%2Fms-cookie-sync.presage.io%2Fuser-sync%3Foutbrain_id%3D__ZUID__:0
[   59966ms] [ERROR] Failed to load resource: net::ERR_CONNECTION_REFUSED @ https://ssc.33across.com/api/v1/hb?guid=btGMK4vGGr8BLMrkHcnlKl:0
[   59967ms] [ERROR] Failed to load resource: net::ERR_CONNECTION_REFUSED @ https://rt.marphezis.com/hb:0
[   59968ms] [ERROR] Failed to load resource: net::ERR_CONNECTION_REFUSED @ https://rt.marphezis.com/prebid/error:0
[   60299ms] [ERROR] Failed to load resource: net::ERR_CONNECTION_REFUSED @ https://ssc.33across.com/api/v1/hb?guid=btGMK4vGGr8BLMrkHcnlKl:0
[   60300ms] [ERROR] Failed to load resource: net::ERR_CONNECTION_REFUSED @ https://rt.marphezis.com/hb:0
[   60305ms] [ERROR] Failed to load resource: net::ERR_CONNECTION_REFUSED @ https://ssc.33across.com/api/v1/hb?guid=btGMK4vGGr8BLMrkHcnlKl:0
[   60306ms] [ERROR] Failed to load resource: net::ERR_CONNECTION_REFUSED @ https://rt.marphezis.com/prebid/error:0
[   60308ms] [ERROR] Failed to load resource: net::ERR_CONNECTION_REFUSED @ https://rt.marphezis.com/hb:0
[   60310ms] [ERROR] Failed to load resource: net::ERR_CONNECTION_REFUSED @ https://rt.marphezis.com/prebid/error:0
[   60617ms] [ERROR] Access to fetch at 'https://hb-api.omnitagjs.com/hb-api/prebid/v1?RefererUrl=https%3A%2F%2Fwww.rtings.com%2Fmonitor%2Freviews%2Fdell%2Fu2718q&PageUrl=https%3A%2F%2Fwww.rtings.com%2Fmonitor%2Freviews%2Fdell%2Fu2718q&PageReferrer=https%3A%2F%2Fwww.rtings.com%2Fmonitor%2Freviews%2Fdell%2Fu2718q&CanonicalUrl=https%3A%2F%2Fwww.rtings.com%2Fmonitor%2Freviews%2Fdell%2Fu2718q' from origin 'https://www.rtings.com' has been blocked by CORS policy: No 'Access-Control-Allow-Origin' header is present on the requested resource. @ https://www.rtings.com/monitor/reviews/dell/u2718q:0
[   60617ms] [ERROR] Failed to load resource: net::ERR_FAILED @ https://hb-api.omnitagjs.com/hb-api/prebid/v1?RefererUrl=https%3A%2F%2Fwww.rtings.com%2Fmonitor%2Freviews%2Fdell%2Fu2718q&PageUrl=https%3A%2F%2Fwww.rtings.com%2Fmonitor%2Freviews%2Fdell%2Fu2718q&PageReferrer=https%3A%2F%2Fwww.rtings.com%2Fmonitor%2Freviews%2Fdell%2Fu2718q&CanonicalUrl=https%3A%2F%2Fwww.rtings.com%2Fmonitor%2Freviews%2Fdell%2Fu2718q:0
[   61669ms] [ERROR] Access to fetch at 'https://hb-api.omnitagjs.com/hb-api/prebid/v1?RefererUrl=https%3A%2F%2Fwww.rtings.com%2Fmonitor%2Freviews%2Fdell%2Fu2718q&PageUrl=https%3A%2F%2Fwww.rtings.com%2Fmonitor%2Freviews%2Fdell%2Fu2718q&PageReferrer=https%3A%2F%2Fwww.rtings.com%2Fmonitor%2Freviews%2Fdell%2Fu2718q&CanonicalUrl=https%3A%2F%2Fwww.rtings.com%2Fmonitor%2Freviews%2Fdell%2Fu2718q' from origin 'https://www.rtings.com' has been blocked by CORS policy: No 'Access-Control-Allow-Origin' header is present on the requested resource. @ https://www.rtings.com/monitor/reviews/dell/u2718q:0
[   61670ms] [ERROR] Failed to load resource: net::ERR_FAILED @ https://hb-api.omnitagjs.com/hb-api/prebid/v1?RefererUrl=https%3A%2F%2Fwww.rtings.com%2Fmonitor%2Freviews%2Fdell%2Fu2718q&PageUrl=https%3A%2F%2Fwww.rtings.com%2Fmonitor%2Freviews%2Fdell%2Fu2718q&PageReferrer=https%3A%2F%2Fwww.rtings.com%2Fmonitor%2Freviews%2Fdell%2Fu2718q&CanonicalUrl=https%3A%2F%2Fwww.rtings.com%2Fmonitor%2Freviews%2Fdell%2Fu2718q:0
[   62141ms] [ERROR] Access to fetch at 'https://hb-api.omnitagjs.com/hb-api/prebid/v1?RefererUrl=https%3A%2F%2Fwww.rtings.com%2Fmonitor%2Freviews%2Fdell%2Fu2718q&PageUrl=https%3A%2F%2Fwww.rtings.com%2Fmonitor%2Freviews%2Fdell%2Fu2718q&PageReferrer=https%3A%2F%2Fwww.rtings.com%2Fmonitor%2Freviews%2Fdell%2Fu2718q&CanonicalUrl=https%3A%2F%2Fwww.rtings.com%2Fmonitor%2Freviews%2Fdell%2Fu2718q' from origin 'https://www.rtings.com' has been blocked by CORS policy: No 'Access-Control-Allow-Origin' header is present on the requested resource. @ https://www.rtings.com/monitor/reviews/dell/u2718q:0
[   62141ms] [ERROR] Failed to load resource: net::ERR_FAILED @ https://hb-api.omnitagjs.com/hb-api/prebid/v1?RefererUrl=https%3A%2F%2Fwww.rtings.com%2Fmonitor%2Freviews%2Fdell%2Fu2718q&PageUrl=https%3A%2F%2Fwww.rtings.com%2Fmonitor%2Freviews%2Fdell%2Fu2718q&PageReferrer=https%3A%2F%2Fwww.rtings.com%2Fmonitor%2Freviews%2Fdell%2Fu2718q&CanonicalUrl=https%3A%2F%2Fwww.rtings.com%2Fmonitor%2Freviews%2Fdell%2Fu2718q:0
[    8312ms] [ERROR] Attestation check for Shared Storage on https://www.googleadservices.com failed. @ https://www.googleadservices.com/pagead/managed/js/activeview/current/reach_worklet.html:0
[    8329ms] [ERROR] Attestation check for Shared Storage on https://www.googleadservices.com failed. @ https://www.googleadservices.com/pagead/managed/js/activeview/current/reach_worklet.html:0
[    8331ms] [ERROR] Attestation check for Shared Storage on https://www.googleadservices.com failed. @ https://www.googleadservices.com/pagead/managed/js/activeview/current/reach_worklet.html:0
[    8332ms] [ERROR] Attestation check for Shared Storage on https://www.googleadservices.com failed. @ https://www.googleadservices.com/pagead/managed/js/activeview/current/reach_worklet.html:0
[    8333ms] [ERROR] Attestation check for Shared Storage on https://www.googleadservices.com failed. @ https://www.googleadservices.com/pagead/managed/js/activeview/current/reach_worklet.html:0
[    8334ms] [ERROR] Attestation check for Shared Storage on https://www.googleadservices.com failed. @ https://www.googleadservices.com/pagead/managed/js/activeview/current/reach_worklet.html:0
[   35267ms] [ERROR] Attestation check for Shared Storage on https://www.googleadservices.com failed. @ https://www.googleadservices.com/pagead/managed/js/activeview/current/reach_worklet.html:0
[   35338ms] [ERROR] Attestation check for Shared Storage on https://www.googleadservices.com failed. @ https://www.googleadservices.com/pagead/managed/js/activeview/current/reach_worklet.html:0
[   35365ms] [ERROR] Attestation check for Shared Storage on https://www.googleadservices.com failed. @ https://www.googleadservices.com/pagead/managed/js/activeview/current/reach_worklet.html:0
[   62196ms] [ERROR] Attestation check for Shared Storage on https://www.googleadservices.com failed. @ https://www.googleadservices.com/pagead/managed/js/activeview/current/reach_worklet.html:0
[    8312ms] [ERROR] Attestation check for Shared Storage on https://www.googleadservices.com failed. @ https://www.googleadservices.com/pagead/managed/js/activeview/current/reach_worklet.html:0
[    8329ms] [ERROR] Attestation check for Shared Storage on https://www.googleadservices.com failed. @ https://www.googleadservices.com/pagead/managed/js/activeview/current/reach_worklet.html:0
[    8331ms] [ERROR] Attestation check for Shared Storage on https://www.googleadservices.com failed. @ https://www.googleadservices.com/pagead/managed/js/activeview/current/reach_worklet.html:0
[    8332ms] [ERROR] Attestation check for Shared Storage on https://www.googleadservices.com failed. @ https://www.googleadservices.com/pagead/managed/js/activeview/current/reach_worklet.html:0
[    8333ms] [ERROR] Attestation check for Shared Storage on https://www.googleadservices.com failed. @ https://www.googleadservices.com/pagead/managed/js/activeview/current/reach_worklet.html:0
[    8334ms] [ERROR] Attestation check for Shared Storage on https://www.googleadservices.com failed. @ https://www.googleadservices.com/pagead/managed/js/activeview/current/reach_worklet.html:0
[   35267ms] [ERROR] Attestation check for Shared Storage on https://www.googleadservices.com failed. @ https://www.googleadservices.com/pagead/managed/js/activeview/current/reach_worklet.html:0
[   35338ms] [ERROR] Attestation check for Shared Storage on https://www.googleadservices.com failed. @ https://www.googleadservices.com/pagead/managed/js/activeview/current/reach_worklet.html:0
[   35365ms] [ERROR] Attestation check for Shared Storage on https://www.googleadservices.com failed. @ https://www.googleadservices.com/pagead/managed/js/activeview/current/reach_worklet.html:0
[   62196ms] [ERROR] Attestation check for Shared Storage on https://www.googleadservices.com failed. @ https://www.googleadservices.com/pagead/managed/js/activeview/current/reach_worklet.html:0
[    8312ms] [ERROR] Attestation check for Shared Storage on https://www.googleadservices.com failed. @ https://www.googleadservices.com/pagead/managed/js/activeview/current/reach_worklet.html:0
[    8329ms] [ERROR] Attestation check for Shared Storage on https://www.googleadservices.com failed. @ https://www.googleadservices.com/pagead/managed/js/activeview/current/reach_worklet.html:0
[    8331ms] [ERROR] Attestation check for Shared Storage on https://www.googleadservices.com failed. @ https://www.googleadservices.com/pagead/managed/js/activeview/current/reach_worklet.html:0
[    8332ms] [ERROR] Attestation check for Shared Storage on https://www.googleadservices.com failed. @ https://www.googleadservices.com/pagead/managed/js/activeview/current/reach_worklet.html:0
[    8333ms] [ERROR] Attestation check for Shared Storage on https://www.googleadservices.com failed. @ https://www.googleadservices.com/pagead/managed/js/activeview/current/reach_worklet.html:0
[    8334ms] [ERROR] Attestation check for Shared Storage on https://www.googleadservices.com failed. @ https://www.googleadservices.com/pagead/managed/js/activeview/current/reach_worklet.html:0
[   35267ms] [ERROR] Attestation check for Shared Storage on https://www.googleadservices.com failed. @ https://www.googleadservices.com/pagead/managed/js/activeview/current/reach_worklet.html:0
[   35338ms] [ERROR] Attestation check for Shared Storage on https://www.googleadservices.com failed. @ https://www.googleadservices.com/pagead/managed/js/activeview/current/reach_worklet.html:0
[   35365ms] [ERROR] Attestation check for Shared Storage on https://www.googleadservices.com failed. @ https://www.googleadservices.com/pagead/managed/js/activeview/current/reach_worklet.html:0
[   62196ms] [ERROR] Attestation check for Shared Storage on https://www.googleadservices.com failed. @ https://www.googleadservices.com/pagead/managed/js/activeview/current/reach_worklet.html:0
[   63367ms] [ERROR] Attestation check for Shared Storage on https://www.googleadservices.com failed. @ https://www.googleadservices.com/pagead/managed/js/activeview/current/reach_worklet.html:0
[   63397ms] [ERROR] Attestation check for Shared Storage on https://www.googleadservices.com failed. @ https://www.googleadservices.com/pagead/managed/js/activeview/current/reach_worklet.html:0
[   87155ms] [ERROR] Failed to load resource: net::ERR_CONNECTION_REFUSED @ https://ssc.33across.com/api/v1/hb?guid=btGMK4vGGr8BLMrkHcnlKl:0
[   87183ms] [ERROR] Failed to load resource: net::ERR_CONNECTION_REFUSED @ https://rt.marphezis.com/hb:0
[   87184ms] [ERROR] Failed to load resource: net::ERR_CONNECTION_REFUSED @ https://ssc.33across.com/api/v1/hb?guid=btGMK4vGGr8BLMrkHcnlKl:0
[   87184ms] [ERROR] Failed to load resource: net::ERR_CONNECTION_REFUSED @ https://rt.marphezis.com/hb:0
[   87186ms] [ERROR] Failed to load resource: net::ERR_CONNECTION_REFUSED @ https://rt.marphezis.com/prebid/error:0
[   87187ms] [ERROR] Failed to load resource: net::ERR_CONNECTION_REFUSED @ https://rt.marphezis.com/prebid/error:0
[   87234ms] [ERROR] Failed to load resource: net::ERR_CONNECTION_REFUSED @ https://rt.marphezis.com/hb:0
[   87235ms] [ERROR] Failed to load resource: net::ERR_CONNECTION_REFUSED @ https://ssc.33across.com/api/v1/hb?guid=btGMK4vGGr8BLMrkHcnlKl:0
[   87237ms] [ERROR] Failed to load resource: net::ERR_CONNECTION_REFUSED @ https://rt.marphezis.com/prebid/error:0
[   87803ms] [ERROR] Access to fetch at 'https://hb-api.omnitagjs.com/hb-api/prebid/v1?RefererUrl=https%3A%2F%2Fwww.rtings.com%2Fmonitor%2Freviews%2Fdell%2Fu2718q&PageUrl=https%3A%2F%2Fwww.rtings.com%2Fmonitor%2Freviews%2Fdell%2Fu2718q&PageReferrer=https%3A%2F%2Fwww.rtings.com%2Fmonitor%2Freviews%2Fdell%2Fu2718q&CanonicalUrl=https%3A%2F%2Fwww.rtings.com%2Fmonitor%2Freviews%2Fdell%2Fu2718q' from origin 'https://www.rtings.com' has been blocked by CORS policy: No 'Access-Control-Allow-Origin' header is present on the requested resource. @ https://www.rtings.com/monitor/reviews/dell/u2718q:0
[   87803ms] [ERROR] Failed to load resource: net::ERR_FAILED @ https://hb-api.omnitagjs.com/hb-api/prebid/v1?RefererUrl=https%3A%2F%2Fwww.rtings.com%2Fmonitor%2Freviews%2Fdell%2Fu2718q&PageUrl=https%3A%2F%2Fwww.rtings.com%2Fmonitor%2Freviews%2Fdell%2Fu2718q&PageReferrer=https%3A%2F%2Fwww.rtings.com%2Fmonitor%2Freviews%2Fdell%2Fu2718q&CanonicalUrl=https%3A%2F%2Fwww.rtings.com%2Fmonitor%2Freviews%2Fdell%2Fu2718q:0
[   87827ms] [ERROR] Access to fetch at 'https://hb-api.omnitagjs.com/hb-api/prebid/v1?RefererUrl=https%3A%2F%2Fwww.rtings.com%2Fmonitor%2Freviews%2Fdell%2Fu2718q&PageUrl=https%3A%2F%2Fwww.rtings.com%2Fmonitor%2Freviews%2Fdell%2Fu2718q&PageReferrer=https%3A%2F%2Fwww.rtings.com%2Fmonitor%2Freviews%2Fdell%2Fu2718q&CanonicalUrl=https%3A%2F%2Fwww.rtings.com%2Fmonitor%2Freviews%2Fdell%2Fu2718q' from origin 'https://www.rtings.com' has been blocked by CORS policy: No 'Access-Control-Allow-Origin' header is present on the requested resource. @ https://www.rtings.com/monitor/reviews/dell/u2718q:0
[   87827ms] [ERROR] Failed to load resource: net::ERR_FAILED @ https://hb-api.omnitagjs.com/hb-api/prebid/v1?RefererUrl=https%3A%2F%2Fwww.rtings.com%2Fmonitor%2Freviews%2Fdell%2Fu2718q&PageUrl=https%3A%2F%2Fwww.rtings.com%2Fmonitor%2Freviews%2Fdell%2Fu2718q&PageReferrer=https%3A%2F%2Fwww.rtings.com%2Fmonitor%2Freviews%2Fdell%2Fu2718q&CanonicalUrl=https%3A%2F%2Fwww.rtings.com%2Fmonitor%2Freviews%2Fdell%2Fu2718q:0
[   87932ms] [ERROR] Access to fetch at 'https://hb-api.omnitagjs.com/hb-api/prebid/v1?RefererUrl=https%3A%2F%2Fwww.rtings.com%2Fmonitor%2Freviews%2Fdell%2Fu2718q&PageUrl=https%3A%2F%2Fwww.rtings.com%2Fmonitor%2Freviews%2Fdell%2Fu2718q&PageReferrer=https%3A%2F%2Fwww.rtings.com%2Fmonitor%2Freviews%2Fdell%2Fu2718q&CanonicalUrl=https%3A%2F%2Fwww.rtings.com%2Fmonitor%2Freviews%2Fdell%2Fu2718q' from origin 'https://www.rtings.com' has been blocked by CORS policy: No 'Access-Control-Allow-Origin' header is present on the requested resource. @ https://www.rtings.com/monitor/reviews/dell/u2718q:0
[   87932ms] [ERROR] Failed to load resource: net::ERR_FAILED @ https://hb-api.omnitagjs.com/hb-api/prebid/v1?RefererUrl=https%3A%2F%2Fwww.rtings.com%2Fmonitor%2Freviews%2Fdell%2Fu2718q&PageUrl=https%3A%2F%2Fwww.rtings.com%2Fmonitor%2Freviews%2Fdell%2Fu2718q&PageReferrer=https%3A%2F%2Fwww.rtings.com%2Fmonitor%2Freviews%2Fdell%2Fu2718q&CanonicalUrl=https%3A%2F%2Fwww.rtings.com%2Fmonitor%2Freviews%2Fdell%2Fu2718q:0
[    8312ms] [ERROR] Attestation check for Shared Storage on https://www.googleadservices.com failed. @ https://www.googleadservices.com/pagead/managed/js/activeview/current/reach_worklet.html:0
[    8329ms] [ERROR] Attestation check for Shared Storage on https://www.googleadservices.com failed. @ https://www.googleadservices.com/pagead/managed/js/activeview/current/reach_worklet.html:0
[    8331ms] [ERROR] Attestation check for Shared Storage on https://www.googleadservices.com failed. @ https://www.googleadservices.com/pagead/managed/js/activeview/current/reach_worklet.html:0
[    8332ms] [ERROR] Attestation check for Shared Storage on https://www.googleadservices.com failed. @ https://www.googleadservices.com/pagead/managed/js/activeview/current/reach_worklet.html:0
[    8333ms] [ERROR] Attestation check for Shared Storage on https://www.googleadservices.com failed. @ https://www.googleadservices.com/pagead/managed/js/activeview/current/reach_worklet.html:0
[    8334ms] [ERROR] Attestation check for Shared Storage on https://www.googleadservices.com failed. @ https://www.googleadservices.com/pagead/managed/js/activeview/current/reach_worklet.html:0
[   35267ms] [ERROR] Attestation check for Shared Storage on https://www.googleadservices.com failed. @ https://www.googleadservices.com/pagead/managed/js/activeview/current/reach_worklet.html:0
[   35338ms] [ERROR] Attestation check for Shared Storage on https://www.googleadservices.com failed. @ https://www.googleadservices.com/pagead/managed/js/activeview/current/reach_worklet.html:0
[   35365ms] [ERROR] Attestation check for Shared Storage on https://www.googleadservices.com failed. @ https://www.googleadservices.com/pagead/managed/js/activeview/current/reach_worklet.html:0
[   62196ms] [ERROR] Attestation check for Shared Storage on https://www.googleadservices.com failed. @ https://www.googleadservices.com/pagead/managed/js/activeview/current/reach_worklet.html:0
[   63367ms] [ERROR] Attestation check for Shared Storage on https://www.googleadservices.com failed. @ https://www.googleadservices.com/pagead/managed/js/activeview/current/reach_worklet.html:0
[   63397ms] [ERROR] Attestation check for Shared Storage on https://www.googleadservices.com failed. @ https://www.googleadservices.com/pagead/managed/js/activeview/current/reach_worklet.html:0
[    8312ms] [ERROR] Attestation check for Shared Storage on https://www.googleadservices.com failed. @ https://www.googleadservices.com/pagead/managed/js/activeview/current/reach_worklet.html:0
[    8329ms] [ERROR] Attestation check for Shared Storage on https://www.googleadservices.com failed. @ https://www.googleadservices.com/pagead/managed/js/activeview/current/reach_worklet.html:0
[    8331ms] [ERROR] Attestation check for Shared Storage on https://www.googleadservices.com failed. @ https://www.googleadservices.com/pagead/managed/js/activeview/current/reach_worklet.html:0
[    8332ms] [ERROR] Attestation check for Shared Storage on https://www.googleadservices.com failed. @ https://www.googleadservices.com/pagead/managed/js/activeview/current/reach_worklet.html:0
[    8333ms] [ERROR] Attestation check for Shared Storage on https://www.googleadservices.com failed. @ https://www.googleadservices.com/pagead/managed/js/activeview/current/reach_worklet.html:0
[    8334ms] [ERROR] Attestation check for Shared Storage on https://www.googleadservices.com failed. @ https://www.googleadservices.com/pagead/managed/js/activeview/current/reach_worklet.html:0
[   35267ms] [ERROR] Attestation check for Shared Storage on https://www.googleadservices.com failed. @ https://www.googleadservices.com/pagead/managed/js/activeview/current/reach_worklet.html:0
[   35338ms] [ERROR] Attestation check for Shared Storage on https://www.googleadservices.com failed. @ https://www.googleadservices.com/pagead/managed/js/activeview/current/reach_worklet.html:0
[   35365ms] [ERROR] Attestation check for Shared Storage on https://www.googleadservices.com failed. @ https://www.googleadservices.com/pagead/managed/js/activeview/current/reach_worklet.html:0
[   62196ms] [ERROR] Attestation check for Shared Storage on https://www.googleadservices.com failed. @ https://www.googleadservices.com/pagead/managed/js/activeview/current/reach_worklet.html:0
[   63367ms] [ERROR] Attestation check for Shared Storage on https://www.googleadservices.com failed. @ https://www.googleadservices.com/pagead/managed/js/activeview/current/reach_worklet.html:0
[   63397ms] [ERROR] Attestation check for Shared Storage on https://www.googleadservices.com failed. @ https://www.googleadservices.com/pagead/managed/js/activeview/current/reach_worklet.html:0
[    8312ms] [ERROR] Attestation check for Shared Storage on https://www.googleadservices.com failed. @ https://www.googleadservices.com/pagead/managed/js/activeview/current/reach_worklet.html:0
[    8329ms] [ERROR] Attestation check for Shared Storage on https://www.googleadservices.com failed. @ https://www.googleadservices.com/pagead/managed/js/activeview/current/reach_worklet.html:0
[    8331ms] [ERROR] Attestation check for Shared Storage on https://www.googleadservices.com failed. @ https://www.googleadservices.com/pagead/managed/js/activeview/current/reach_worklet.html:0
[    8332ms] [ERROR] Attestation check for Shared Storage on https://www.googleadservices.com failed. @ https://www.googleadservices.com/pagead/managed/js/activeview/current/reach_worklet.html:0
[    8333ms] [ERROR] Attestation check for Shared Storage on https://www.googleadservices.com failed. @ https://www.googleadservices.com/pagead/managed/js/activeview/current/reach_worklet.html:0
[    8334ms] [ERROR] Attestation check for Shared Storage on https://www.googleadservices.com failed. @ https://www.googleadservices.com/pagead/managed/js/activeview/current/reach_worklet.html:0
[   35267ms] [ERROR] Attestation check for Shared Storage on https://www.googleadservices.com failed. @ https://www.googleadservices.com/pagead/managed/js/activeview/current/reach_worklet.html:0
[   35338ms] [ERROR] Attestation check for Shared Storage on https://www.googleadservices.com failed. @ https://www.googleadservices.com/pagead/managed/js/activeview/current/reach_worklet.html:0
[   35365ms] [ERROR] Attestation check for Shared Storage on https://www.googleadservices.com failed. @ https://www.googleadservices.com/pagead/managed/js/activeview/current/reach_worklet.html:0
[   62196ms] [ERROR] Attestation check for Shared Storage on https://www.googleadservices.com failed. @ https://www.googleadservices.com/pagead/managed/js/activeview/current/reach_worklet.html:0
[   63367ms] [ERROR] Attestation check for Shared Storage on https://www.googleadservices.com failed. @ https://www.googleadservices.com/pagead/managed/js/activeview/current/reach_worklet.html:0
[   63397ms] [ERROR] Attestation check for Shared Storage on https://www.googleadservices.com failed. @ https://www.googleadservices.com/pagead/managed/js/activeview/current/reach_worklet.html:0
[   88960ms] [ERROR] Attestation check for Shared Storage on https://www.googleadservices.com failed. @ https://www.googleadservices.com/pagead/managed/js/activeview/current/reach_worklet.html:0
[   89008ms] [ERROR] Attestation check for Shared Storage on https://www.googleadservices.com failed. @ https://www.googleadservices.com/pagead/managed/js/activeview/current/reach_worklet.html:0
[   89040ms] [ERROR] Attestation check for Shared Storage on https://www.googleadservices.com failed. @ https://www.googleadservices.com/pagead/managed/js/activeview/current/reach_worklet.html:0
[  113965ms] [ERROR] Failed to load resource: net::ERR_CONNECTION_REFUSED @ https://ssc.33across.com/api/v1/hb?guid=btGMK4vGGr8BLMrkHcnlKl:0
[  113966ms] [ERROR] Failed to load resource: net::ERR_CONNECTION_REFUSED @ https://rt.marphezis.com/hb:0
[  113967ms] [ERROR] Failed to load resource: net::ERR_CONNECTION_REFUSED @ https://rt.marphezis.com/prebid/error:0
[  114183ms] [ERROR] Failed to load resource: net::ERR_CONNECTION_REFUSED @ https://rt.marphezis.com/hb:0
[  114183ms] [ERROR] Failed to load resource: net::ERR_CONNECTION_REFUSED @ https://ssc.33across.com/api/v1/hb?guid=btGMK4vGGr8BLMrkHcnlKl:0
[  114184ms] [ERROR] Failed to load resource: net::ERR_CONNECTION_REFUSED @ https://rt.marphezis.com/prebid/error:0
[  114189ms] [ERROR] Access to fetch at 'https://hb-api.omnitagjs.com/hb-api/prebid/v1?RefererUrl=https%3A%2F%2Fwww.rtings.com%2Fmonitor%2Freviews%2Fdell%2Fu2718q&PageUrl=https%3A%2F%2Fwww.rtings.com%2Fmonitor%2Freviews%2Fdell%2Fu2718q&PageReferrer=https%3A%2F%2Fwww.rtings.com%2Fmonitor%2Freviews%2Fdell%2Fu2718q&CanonicalUrl=https%3A%2F%2Fwww.rtings.com%2Fmonitor%2Freviews%2Fdell%2Fu2718q' from origin 'https://www.rtings.com' has been blocked by CORS policy: No 'Access-Control-Allow-Origin' header is present on the requested resource. @ https://www.rtings.com/monitor/reviews/dell/u2718q:0
[  114189ms] [ERROR] Failed to load resource: net::ERR_FAILED @ https://hb-api.omnitagjs.com/hb-api/prebid/v1?RefererUrl=https%3A%2F%2Fwww.rtings.com%2Fmonitor%2Freviews%2Fdell%2Fu2718q&PageUrl=https%3A%2F%2Fwww.rtings.com%2Fmonitor%2Freviews%2Fdell%2Fu2718q&PageReferrer=https%3A%2F%2Fwww.rtings.com%2Fmonitor%2Freviews%2Fdell%2Fu2718q&CanonicalUrl=https%3A%2F%2Fwww.rtings.com%2Fmonitor%2Freviews%2Fdell%2Fu2718q:0
[  114232ms] [ERROR] Failed to load resource: net::ERR_CONNECTION_REFUSED @ https://rt.marphezis.com/hb:0
[  114232ms] [ERROR] Failed to load resource: net::ERR_CONNECTION_REFUSED @ https://ssc.33across.com/api/v1/hb?guid=btGMK4vGGr8BLMrkHcnlKl:0
[  114233ms] [ERROR] Failed to load resource: net::ERR_CONNECTION_REFUSED @ https://rt.marphezis.com/prebid/error:0
[  114862ms] [ERROR] Access to fetch at 'https://hb-api.omnitagjs.com/hb-api/prebid/v1?RefererUrl=https%3A%2F%2Fwww.rtings.com%2Fmonitor%2Freviews%2Fdell%2Fu2718q&PageUrl=https%3A%2F%2Fwww.rtings.com%2Fmonitor%2Freviews%2Fdell%2Fu2718q&PageReferrer=https%3A%2F%2Fwww.rtings.com%2Fmonitor%2Freviews%2Fdell%2Fu2718q&CanonicalUrl=https%3A%2F%2Fwww.rtings.com%2Fmonitor%2Freviews%2Fdell%2Fu2718q' from origin 'https://www.rtings.com' has been blocked by CORS policy: No 'Access-Control-Allow-Origin' header is present on the requested resource. @ https://www.rtings.com/monitor/reviews/dell/u2718q:0
[  114863ms] [ERROR] Failed to load resource: net::ERR_FAILED @ https://hb-api.omnitagjs.com/hb-api/prebid/v1?RefererUrl=https%3A%2F%2Fwww.rtings.com%2Fmonitor%2Freviews%2Fdell%2Fu2718q&PageUrl=https%3A%2F%2Fwww.rtings.com%2Fmonitor%2Freviews%2Fdell%2Fu2718q&PageReferrer=https%3A%2F%2Fwww.rtings.com%2Fmonitor%2Freviews%2Fdell%2Fu2718q&CanonicalUrl=https%3A%2F%2Fwww.rtings.com%2Fmonitor%2Freviews%2Fdell%2Fu2718q:0
[    8312ms] [ERROR] Attestation check for Shared Storage on https://www.googleadservices.com failed. @ https://www.googleadservices.com/pagead/managed/js/activeview/current/reach_worklet.html:0
[    8329ms] [ERROR] Attestation check for Shared Storage on https://www.googleadservices.com failed. @ https://www.googleadservices.com/pagead/managed/js/activeview/current/reach_worklet.html:0
[    8331ms] [ERROR] Attestation check for Shared Storage on https://www.googleadservices.com failed. @ https://www.googleadservices.com/pagead/managed/js/activeview/current/reach_worklet.html:0
[    8332ms] [ERROR] Attestation check for Shared Storage on https://www.googleadservices.com failed. @ https://www.googleadservices.com/pagead/managed/js/activeview/current/reach_worklet.html:0
[    8333ms] [ERROR] Attestation check for Shared Storage on https://www.googleadservices.com failed. @ https://www.googleadservices.com/pagead/managed/js/activeview/current/reach_worklet.html:0
[    8334ms] [ERROR] Attestation check for Shared Storage on https://www.googleadservices.com failed. @ https://www.googleadservices.com/pagead/managed/js/activeview/current/reach_worklet.html:0
[   35267ms] [ERROR] Attestation check for Shared Storage on https://www.googleadservices.com failed. @ https://www.googleadservices.com/pagead/managed/js/activeview/current/reach_worklet.html:0
[   35338ms] [ERROR] Attestation check for Shared Storage on https://www.googleadservices.com failed. @ https://www.googleadservices.com/pagead/managed/js/activeview/current/reach_worklet.html:0
[   35365ms] [ERROR] Attestation check for Shared Storage on https://www.googleadservices.com failed. @ https://www.googleadservices.com/pagead/managed/js/activeview/current/reach_worklet.html:0
[   62196ms] [ERROR] Attestation check for Shared Storage on https://www.googleadservices.com failed. @ https://www.googleadservices.com/pagead/managed/js/activeview/current/reach_worklet.html:0
[   63367ms] [ERROR] Attestation check for Shared Storage on https://www.googleadservices.com failed. @ https://www.googleadservices.com/pagead/managed/js/activeview/current/reach_worklet.html:0
[   63397ms] [ERROR] Attestation check for Shared Storage on https://www.googleadservices.com failed. @ https://www.googleadservices.com/pagead/managed/js/activeview/current/reach_worklet.html:0
[   88960ms] [ERROR] Attestation check for Shared Storage on https://www.googleadservices.com failed. @ https://www.googleadservices.com/pagead/managed/js/activeview/current/reach_worklet.html:0
[   89008ms] [ERROR] Attestation check for Shared Storage on https://www.googleadservices.com failed. @ https://www.googleadservices.com/pagead/managed/js/activeview/current/reach_worklet.html:0
[   89040ms] [ERROR] Attestation check for Shared Storage on https://www.googleadservices.com failed. @ https://www.googleadservices.com/pagead/managed/js/activeview/current/reach_worklet.html:0
[    8312ms] [ERROR] Attestation check for Shared Storage on https://www.googleadservices.com failed. @ https://www.googleadservices.com/pagead/managed/js/activeview/current/reach_worklet.html:0
[    8329ms] [ERROR] Attestation check for Shared Storage on https://www.googleadservices.com failed. @ https://www.googleadservices.com/pagead/managed/js/activeview/current/reach_worklet.html:0
[    8331ms] [ERROR] Attestation check for Shared Storage on https://www.googleadservices.com failed. @ https://www.googleadservices.com/pagead/managed/js/activeview/current/reach_worklet.html:0
[    8332ms] [ERROR] Attestation check for Shared Storage on https://www.googleadservices.com failed. @ https://www.googleadservices.com/pagead/managed/js/activeview/current/reach_worklet.html:0
[    8333ms] [ERROR] Attestation check for Shared Storage on https://www.googleadservices.com failed. @ https://www.googleadservices.com/pagead/managed/js/activeview/current/reach_worklet.html:0
[    8334ms] [ERROR] Attestation check for Shared Storage on https://www.googleadservices.com failed. @ https://www.googleadservices.com/pagead/managed/js/activeview/current/reach_worklet.html:0
[   35267ms] [ERROR] Attestation check for Shared Storage on https://www.googleadservices.com failed. @ https://www.googleadservices.com/pagead/managed/js/activeview/current/reach_worklet.html:0
[   35338ms] [ERROR] Attestation check for Shared Storage on https://www.googleadservices.com failed. @ https://www.googleadservices.com/pagead/managed/js/activeview/current/reach_worklet.html:0
[   35365ms] [ERROR] Attestation check for Shared Storage on https://www.googleadservices.com failed. @ https://www.googleadservices.com/pagead/managed/js/activeview/current/reach_worklet.html:0
[   62196ms] [ERROR] Attestation check for Shared Storage on https://www.googleadservices.com failed. @ https://www.googleadservices.com/pagead/managed/js/activeview/current/reach_worklet.html:0
[   63367ms] [ERROR] Attestation check for Shared Storage on https://www.googleadservices.com failed. @ https://www.googleadservices.com/pagead/managed/js/activeview/current/reach_worklet.html:0
[   63397ms] [ERROR] Attestation check for Shared Storage on https://www.googleadservices.com failed. @ https://www.googleadservices.com/pagead/managed/js/activeview/current/reach_worklet.html:0
[   88960ms] [ERROR] Attestation check for Shared Storage on https://www.googleadservices.com failed. @ https://www.googleadservices.com/pagead/managed/js/activeview/current/reach_worklet.html:0
[   89008ms] [ERROR] Attestation check for Shared Storage on https://www.googleadservices.com failed. @ https://www.googleadservices.com/pagead/managed/js/activeview/current/reach_worklet.html:0
[   89040ms] [ERROR] Attestation check for Shared Storage on https://www.googleadservices.com failed. @ https://www.googleadservices.com/pagead/managed/js/activeview/current/reach_worklet.html:0
[  115398ms] [ERROR] Attestation check for Shared Storage on https://www.googleadservices.com failed. @ https://www.googleadservices.com/pagead/managed/js/activeview/current/reach_worklet.html:0
[  115427ms] [ERROR] Attestation check for Shared Storage on https://www.googleadservices.com failed. @ https://www.googleadservices.com/pagead/managed/js/activeview/current/reach_worklet.html:0
[    8312ms] [ERROR] Attestation check for Shared Storage on https://www.googleadservices.com failed. @ https://www.googleadservices.com/pagead/managed/js/activeview/current/reach_worklet.html:0
[    8329ms] [ERROR] Attestation check for Shared Storage on https://www.googleadservices.com failed. @ https://www.googleadservices.com/pagead/managed/js/activeview/current/reach_worklet.html:0
[    8331ms] [ERROR] Attestation check for Shared Storage on https://www.googleadservices.com failed. @ https://www.googleadservices.com/pagead/managed/js/activeview/current/reach_worklet.html:0
[    8332ms] [ERROR] Attestation check for Shared Storage on https://www.googleadservices.com failed. @ https://www.googleadservices.com/pagead/managed/js/activeview/current/reach_worklet.html:0
[    8333ms] [ERROR] Attestation check for Shared Storage on https://www.googleadservices.com failed. @ https://www.googleadservices.com/pagead/managed/js/activeview/current/reach_worklet.html:0
[    8334ms] [ERROR] Attestation check for Shared Storage on https://www.googleadservices.com failed. @ https://www.googleadservices.com/pagead/managed/js/activeview/current/reach_worklet.html:0
[   35267ms] [ERROR] Attestation check for Shared Storage on https://www.googleadservices.com failed. @ https://www.googleadservices.com/pagead/managed/js/activeview/current/reach_worklet.html:0
[   35338ms] [ERROR] Attestation check for Shared Storage on https://www.googleadservices.com failed. @ https://www.googleadservices.com/pagead/managed/js/activeview/current/reach_worklet.html:0
[   35365ms] [ERROR] Attestation check for Shared Storage on https://www.googleadservices.com failed. @ https://www.googleadservices.com/pagead/managed/js/activeview/current/reach_worklet.html:0
[   62196ms] [ERROR] Attestation check for Shared Storage on https://www.googleadservices.com failed. @ https://www.googleadservices.com/pagead/managed/js/activeview/current/reach_worklet.html:0
[   63367ms] [ERROR] Attestation check for Shared Storage on https://www.googleadservices.com failed. @ https://www.googleadservices.com/pagead/managed/js/activeview/current/reach_worklet.html:0
[   63397ms] [ERROR] Attestation check for Shared Storage on https://www.googleadservices.com failed. @ https://www.googleadservices.com/pagead/managed/js/activeview/current/reach_worklet.html:0
[   88960ms] [ERROR] Attestation check for Shared Storage on https://www.googleadservices.com failed. @ https://www.googleadservices.com/pagead/managed/js/activeview/current/reach_worklet.html:0
[   89008ms] [ERROR] Attestation check for Shared Storage on https://www.googleadservices.com failed. @ https://www.googleadservices.com/pagead/managed/js/activeview/current/reach_worklet.html:0
[   89040ms] [ERROR] Attestation check for Shared Storage on https://www.googleadservices.com failed. @ https://www.googleadservices.com/pagead/managed/js/activeview/current/reach_worklet.html:0
[  115398ms] [ERROR] Attestation check for Shared Storage on https://www.googleadservices.com failed. @ https://www.googleadservices.com/pagead/managed/js/activeview/current/reach_worklet.html:0
[  115427ms] [ERROR] Attestation check for Shared Storage on https://www.googleadservices.com failed. @ https://www.googleadservices.com/pagead/managed/js/activeview/current/reach_worklet.html:0
[  118742ms] [ERROR] Attestation check for Shared Storage on https://www.googleadservices.com failed. @ https://www.googleadservices.com/pagead/managed/js/activeview/current/reach_worklet.html:0
[  140974ms] [ERROR] Failed to load resource: net::ERR_CONNECTION_REFUSED @ https://ssc.33across.com/api/v1/hb?guid=btGMK4vGGr8BLMrkHcnlKl:0
[  140974ms] [ERROR] Failed to load resource: net::ERR_CONNECTION_REFUSED @ https://rt.marphezis.com/hb:0
[  140976ms] [ERROR] Failed to load resource: net::ERR_CONNECTION_REFUSED @ https://rt.marphezis.com/prebid/error:0
[  141195ms] [ERROR] Failed to load resource: net::ERR_CONNECTION_REFUSED @ https://ssc.33across.com/api/v1/hb?guid=btGMK4vGGr8BLMrkHcnlKl:0
[  141198ms] [ERROR] Failed to load resource: net::ERR_CONNECTION_REFUSED @ https://rt.marphezis.com/hb:0
[  141200ms] [ERROR] Failed to load resource: net::ERR_CONNECTION_REFUSED @ https://rt.marphezis.com/prebid/error:0
[  141235ms] [ERROR] Failed to load resource: net::ERR_CONNECTION_REFUSED @ https://rt.marphezis.com/hb:0
[  141236ms] [ERROR] Failed to load resource: net::ERR_CONNECTION_REFUSED @ https://ssc.33across.com/api/v1/hb?guid=btGMK4vGGr8BLMrkHcnlKl:0
[  141238ms] [ERROR] Failed to load resource: net::ERR_CONNECTION_REFUSED @ https://rt.marphezis.com/prebid/error:0
[  141823ms] [ERROR] Access to fetch at 'https://hb-api.omnitagjs.com/hb-api/prebid/v1?RefererUrl=https%3A%2F%2Fwww.rtings.com%2Fmonitor%2Freviews%2Fdell%2Fu2718q&PageUrl=https%3A%2F%2Fwww.rtings.com%2Fmonitor%2Freviews%2Fdell%2Fu2718q&PageReferrer=https%3A%2F%2Fwww.rtings.com%2Fmonitor%2Freviews%2Fdell%2Fu2718q&CanonicalUrl=https%3A%2F%2Fwww.rtings.com%2Fmonitor%2Freviews%2Fdell%2Fu2718q' from origin 'https://www.rtings.com' has been blocked by CORS policy: No 'Access-Control-Allow-Origin' header is present on the requested resource. @ https://www.rtings.com/monitor/reviews/dell/u2718q:0
[  141823ms] [ERROR] Failed to load resource: net::ERR_FAILED @ https://hb-api.omnitagjs.com/hb-api/prebid/v1?RefererUrl=https%3A%2F%2Fwww.rtings.com%2Fmonitor%2Freviews%2Fdell%2Fu2718q&PageUrl=https%3A%2F%2Fwww.rtings.com%2Fmonitor%2Freviews%2Fdell%2Fu2718q&PageReferrer=https%3A%2F%2Fwww.rtings.com%2Fmonitor%2Freviews%2Fdell%2Fu2718q&CanonicalUrl=https%3A%2F%2Fwww.rtings.com%2Fmonitor%2Freviews%2Fdell%2Fu2718q:0
[  141912ms] [ERROR] Access to fetch at 'https://hb-api.omnitagjs.com/hb-api/prebid/v1?RefererUrl=https%3A%2F%2Fwww.rtings.com%2Fmonitor%2Freviews%2Fdell%2Fu2718q&PageUrl=https%3A%2F%2Fwww.rtings.com%2Fmonitor%2Freviews%2Fdell%2Fu2718q&PageReferrer=https%3A%2F%2Fwww.rtings.com%2Fmonitor%2Freviews%2Fdell%2Fu2718q&CanonicalUrl=https%3A%2F%2Fwww.rtings.com%2Fmonitor%2Freviews%2Fdell%2Fu2718q' from origin 'https://www.rtings.com' has been blocked by CORS policy: No 'Access-Control-Allow-Origin' header is present on the requested resource. @ https://www.rtings.com/monitor/reviews/dell/u2718q:0
[  141912ms] [ERROR] Failed to load resource: net::ERR_FAILED @ https://hb-api.omnitagjs.com/hb-api/prebid/v1?RefererUrl=https%3A%2F%2Fwww.rtings.com%2Fmonitor%2Freviews%2Fdell%2Fu2718q&PageUrl=https%3A%2F%2Fwww.rtings.com%2Fmonitor%2Freviews%2Fdell%2Fu2718q&PageReferrer=https%3A%2F%2Fwww.rtings.com%2Fmonitor%2Freviews%2Fdell%2Fu2718q&CanonicalUrl=https%3A%2F%2Fwww.rtings.com%2Fmonitor%2Freviews%2Fdell%2Fu2718q:0
[  141965ms] [ERROR] Access to fetch at 'https://hb-api.omnitagjs.com/hb-api/prebid/v1?RefererUrl=https%3A%2F%2Fwww.rtings.com%2Fmonitor%2Freviews%2Fdell%2Fu2718q&PageUrl=https%3A%2F%2Fwww.rtings.com%2Fmonitor%2Freviews%2Fdell%2Fu2718q&PageReferrer=https%3A%2F%2Fwww.rtings.com%2Fmonitor%2Freviews%2Fdell%2Fu2718q&CanonicalUrl=https%3A%2F%2Fwww.rtings.com%2Fmonitor%2Freviews%2Fdell%2Fu2718q' from origin 'https://www.rtings.com' has been blocked by CORS policy: No 'Access-Control-Allow-Origin' header is present on the requested resource. @ https://www.rtings.com/monitor/reviews/dell/u2718q:0
[  141965ms] [ERROR] Failed to load resource: net::ERR_FAILED @ https://hb-api.omnitagjs.com/hb-api/prebid/v1?RefererUrl=https%3A%2F%2Fwww.rtings.com%2Fmonitor%2Freviews%2Fdell%2Fu2718q&PageUrl=https%3A%2F%2Fwww.rtings.com%2Fmonitor%2Freviews%2Fdell%2Fu2718q&PageReferrer=https%3A%2F%2Fwww.rtings.com%2Fmonitor%2Freviews%2Fdell%2Fu2718q&CanonicalUrl=https%3A%2F%2Fwww.rtings.com%2Fmonitor%2Freviews%2Fdell%2Fu2718q:0
[    8312ms] [ERROR] Attestation check for Shared Storage on https://www.googleadservices.com failed. @ https://www.googleadservices.com/pagead/managed/js/activeview/current/reach_worklet.html:0
[    8329ms] [ERROR] Attestation check for Shared Storage on https://www.googleadservices.com failed. @ https://www.googleadservices.com/pagead/managed/js/activeview/current/reach_worklet.html:0
[    8331ms] [ERROR] Attestation check for Shared Storage on https://www.googleadservices.com failed. @ https://www.googleadservices.com/pagead/managed/js/activeview/current/reach_worklet.html:0
[    8332ms] [ERROR] Attestation check for Shared Storage on https://www.googleadservices.com failed. @ https://www.googleadservices.com/pagead/managed/js/activeview/current/reach_worklet.html:0
[    8333ms] [ERROR] Attestation check for Shared Storage on https://www.googleadservices.com failed. @ https://www.googleadservices.com/pagead/managed/js/activeview/current/reach_worklet.html:0
[    8334ms] [ERROR] Attestation check for Shared Storage on https://www.googleadservices.com failed. @ https://www.googleadservices.com/pagead/managed/js/activeview/current/reach_worklet.html:0
[   35267ms] [ERROR] Attestation check for Shared Storage on https://www.googleadservices.com failed. @ https://www.googleadservices.com/pagead/managed/js/activeview/current/reach_worklet.html:0
[   35338ms] [ERROR] Attestation check for Shared Storage on https://www.googleadservices.com failed. @ https://www.googleadservices.com/pagead/managed/js/activeview/current/reach_worklet.html:0
[   35365ms] [ERROR] Attestation check for Shared Storage on https://www.googleadservices.com failed. @ https://www.googleadservices.com/pagead/managed/js/activeview/current/reach_worklet.html:0
[   62196ms] [ERROR] Attestation check for Shared Storage on https://www.googleadservices.com failed. @ https://www.googleadservices.com/pagead/managed/js/activeview/current/reach_worklet.html:0
[   63367ms] [ERROR] Attestation check for Shared Storage on https://www.googleadservices.com failed. @ https://www.googleadservices.com/pagead/managed/js/activeview/current/reach_worklet.html:0
[   63397ms] [ERROR] Attestation check for Shared Storage on https://www.googleadservices.com failed. @ https://www.googleadservices.com/pagead/managed/js/activeview/current/reach_worklet.html:0
[   88960ms] [ERROR] Attestation check for Shared Storage on https://www.googleadservices.com failed. @ https://www.googleadservices.com/pagead/managed/js/activeview/current/reach_worklet.html:0
[   89008ms] [ERROR] Attestation check for Shared Storage on https://www.googleadservices.com failed. @ https://www.googleadservices.com/pagead/managed/js/activeview/current/reach_worklet.html:0
[   89040ms] [ERROR] Attestation check for Shared Storage on https://www.googleadservices.com failed. @ https://www.googleadservices.com/pagead/managed/js/activeview/current/reach_worklet.html:0
[  115398ms] [ERROR] Attestation check for Shared Storage on https://www.googleadservices.com failed. @ https://www.googleadservices.com/pagead/managed/js/activeview/current/reach_worklet.html:0
[  115427ms] [ERROR] Attestation check for Shared Storage on https://www.googleadservices.com failed. @ https://www.googleadservices.com/pagead/managed/js/activeview/current/reach_worklet.html:0
[  118742ms] [ERROR] Attestation check for Shared Storage on https://www.googleadservices.com failed. @ https://www.googleadservices.com/pagead/managed/js/activeview/current/reach_worklet.html:0
[    8312ms] [ERROR] Attestation check for Shared Storage on https://www.googleadservices.com failed. @ https://www.googleadservices.com/pagead/managed/js/activeview/current/reach_worklet.html:0
[    8329ms] [ERROR] Attestation check for Shared Storage on https://www.googleadservices.com failed. @ https://www.googleadservices.com/pagead/managed/js/activeview/current/reach_worklet.html:0
[    8331ms] [ERROR] Attestation check for Shared Storage on https://www.googleadservices.com failed. @ https://www.googleadservices.com/pagead/managed/js/activeview/current/reach_worklet.html:0
[    8332ms] [ERROR] Attestation check for Shared Storage on https://www.googleadservices.com failed. @ https://www.googleadservices.com/pagead/managed/js/activeview/current/reach_worklet.html:0
[    8333ms] [ERROR] Attestation check for Shared Storage on https://www.googleadservices.com failed. @ https://www.googleadservices.com/pagead/managed/js/activeview/current/reach_worklet.html:0
[    8334ms] [ERROR] Attestation check for Shared Storage on https://www.googleadservices.com failed. @ https://www.googleadservices.com/pagead/managed/js/activeview/current/reach_worklet.html:0
[   35267ms] [ERROR] Attestation check for Shared Storage on https://www.googleadservices.com failed. @ https://www.googleadservices.com/pagead/managed/js/activeview/current/reach_worklet.html:0
[   35338ms] [ERROR] Attestation check for Shared Storage on https://www.googleadservices.com failed. @ https://www.googleadservices.com/pagead/managed/js/activeview/current/reach_worklet.html:0
[   35365ms] [ERROR] Attestation check for Shared Storage on https://www.googleadservices.com failed. @ https://www.googleadservices.com/pagead/managed/js/activeview/current/reach_worklet.html:0
[   62196ms] [ERROR] Attestation check for Shared Storage on https://www.googleadservices.com failed. @ https://www.googleadservices.com/pagead/managed/js/activeview/current/reach_worklet.html:0
[   63367ms] [ERROR] Attestation check for Shared Storage on https://www.googleadservices.com failed. @ https://www.googleadservices.com/pagead/managed/js/activeview/current/reach_worklet.html:0
[   63397ms] [ERROR] Attestation check for Shared Storage on https://www.googleadservices.com failed. @ https://www.googleadservices.com/pagead/managed/js/activeview/current/reach_worklet.html:0
[   88960ms] [ERROR] Attestation check for Shared Storage on https://www.googleadservices.com failed. @ https://www.googleadservices.com/pagead/managed/js/activeview/current/reach_worklet.html:0
[   89008ms] [ERROR] Attestation check for Shared Storage on https://www.googleadservices.com failed. @ https://www.googleadservices.com/pagead/managed/js/activeview/current/reach_worklet.html:0
[   89040ms] [ERROR] Attestation check for Shared Storage on https://www.googleadservices.com failed. @ https://www.googleadservices.com/pagead/managed/js/activeview/current/reach_worklet.html:0
[  115398ms] [ERROR] Attestation check for Shared Storage on https://www.googleadservices.com failed. @ https://www.googleadservices.com/pagead/managed/js/activeview/current/reach_worklet.html:0
[  115427ms] [ERROR] Attestation check for Shared Storage on https://www.googleadservices.com failed. @ https://www.googleadservices.com/pagead/managed/js/activeview/current/reach_worklet.html:0
[  118742ms] [ERROR] Attestation check for Shared Storage on https://www.googleadservices.com failed. @ https://www.googleadservices.com/pagead/managed/js/activeview/current/reach_worklet.html:0
[    8312ms] [ERROR] Attestation check for Shared Storage on https://www.googleadservices.com failed. @ https://www.googleadservices.com/pagead/managed/js/activeview/current/reach_worklet.html:0
[    8329ms] [ERROR] Attestation check for Shared Storage on https://www.googleadservices.com failed. @ https://www.googleadservices.com/pagead/managed/js/activeview/current/reach_worklet.html:0
[    8331ms] [ERROR] Attestation check for Shared Storage on https://www.googleadservices.com failed. @ https://www.googleadservices.com/pagead/managed/js/activeview/current/reach_worklet.html:0
[    8332ms] [ERROR] Attestation check for Shared Storage on https://www.googleadservices.com failed. @ https://www.googleadservices.com/pagead/managed/js/activeview/current/reach_worklet.html:0
[    8333ms] [ERROR] Attestation check for Shared Storage on https://www.googleadservices.com failed. @ https://www.googleadservices.com/pagead/managed/js/activeview/current/reach_worklet.html:0
[    8334ms] [ERROR] Attestation check for Shared Storage on https://www.googleadservices.com failed. @ https://www.googleadservices.com/pagead/managed/js/activeview/current/reach_worklet.html:0
[   35267ms] [ERROR] Attestation check for Shared Storage on https://www.googleadservices.com failed. @ https://www.googleadservices.com/pagead/managed/js/activeview/current/reach_worklet.html:0
[   35338ms] [ERROR] Attestation check for Shared Storage on https://www.googleadservices.com failed. @ https://www.googleadservices.com/pagead/managed/js/activeview/current/reach_worklet.html:0
[   35365ms] [ERROR] Attestation check for Shared Storage on https://www.googleadservices.com failed. @ https://www.googleadservices.com/pagead/managed/js/activeview/current/reach_worklet.html:0
[   62196ms] [ERROR] Attestation check for Shared Storage on https://www.googleadservices.com failed. @ https://www.googleadservices.com/pagead/managed/js/activeview/current/reach_worklet.html:0
[   63367ms] [ERROR] Attestation check for Shared Storage on https://www.googleadservices.com failed. @ https://www.googleadservices.com/pagead/managed/js/activeview/current/reach_worklet.html:0
[   63397ms] [ERROR] Attestation check for Shared Storage on https://www.googleadservices.com failed. @ https://www.googleadservices.com/pagead/managed/js/activeview/current/reach_worklet.html:0
[   88960ms] [ERROR] Attestation check for Shared Storage on https://www.googleadservices.com failed. @ https://www.googleadservices.com/pagead/managed/js/activeview/current/reach_worklet.html:0
[   89008ms] [ERROR] Attestation check for Shared Storage on https://www.googleadservices.com failed. @ https://www.googleadservices.com/pagead/managed/js/activeview/current/reach_worklet.html:0
[   89040ms] [ERROR] Attestation check for Shared Storage on https://www.googleadservices.com failed. @ https://www.googleadservices.com/pagead/managed/js/activeview/current/reach_worklet.html:0
[  115398ms] [ERROR] Attestation check for Shared Storage on https://www.googleadservices.com failed. @ https://www.googleadservices.com/pagead/managed/js/activeview/current/reach_worklet.html:0
[  115427ms] [ERROR] Attestation check for Shared Storage on https://www.googleadservices.com failed. @ https://www.googleadservices.com/pagead/managed/js/activeview/current/reach_worklet.html:0
[  118742ms] [ERROR] Attestation check for Shared Storage on https://www.googleadservices.com failed. @ https://www.googleadservices.com/pagead/managed/js/activeview/current/reach_worklet.html:0
[  143464ms] [ERROR] Attestation check for Shared Storage on https://www.googleadservices.com failed. @ https://www.googleadservices.com/pagead/managed/js/activeview/current/reach_worklet.html:0
[  143486ms] [ERROR] Attestation check for Shared Storage on https://www.googleadservices.com failed. @ https://www.googleadservices.com/pagead/managed/js/activeview/current/reach_worklet.html:0
[  143508ms] [ERROR] Attestation check for Shared Storage on https://www.googleadservices.com failed. @ https://www.googleadservices.com/pagead/managed/js/activeview/current/reach_worklet.html:0
[  167962ms] [ERROR] Failed to load resource: net::ERR_CONNECTION_REFUSED @ https://ssc.33across.com/api/v1/hb?guid=btGMK4vGGr8BLMrkHcnlKl:0
[  168082ms] [ERROR] Failed to load resource: net::ERR_CONNECTION_REFUSED @ https://rt.marphezis.com/hb:0
[  168084ms] [ERROR] Failed to load resource: net::ERR_CONNECTION_REFUSED @ https://rt.marphezis.com/prebid/error:0
[  168191ms] [ERROR] Failed to load resource: net::ERR_CONNECTION_REFUSED @ https://rt.marphezis.com/hb:0
[  168201ms] [ERROR] Failed to load resource: net::ERR_CONNECTION_REFUSED @ https://rt.marphezis.com/prebid/error:0
[  168230ms] [ERROR] Failed to load resource: net::ERR_CONNECTION_REFUSED @ https://ssc.33across.com/api/v1/hb?guid=btGMK4vGGr8BLMrkHcnlKl:0
[  168231ms] [ERROR] Failed to load resource: net::ERR_CONNECTION_REFUSED @ https://rt.marphezis.com/hb:0
[  168232ms] [ERROR] Failed to load resource: net::ERR_CONNECTION_REFUSED @ https://ssc.33across.com/api/v1/hb?guid=btGMK4vGGr8BLMrkHcnlKl:0
[  168233ms] [ERROR] Failed to load resource: net::ERR_CONNECTION_REFUSED @ https://rt.marphezis.com/prebid/error:0
[  168734ms] [ERROR] Access to fetch at 'https://hb-api.omnitagjs.com/hb-api/prebid/v1?RefererUrl=https%3A%2F%2Fwww.rtings.com%2Fmonitor%2Freviews%2Fdell%2Fu2718q&PageUrl=https%3A%2F%2Fwww.rtings.com%2Fmonitor%2Freviews%2Fdell%2Fu2718q&PageReferrer=https%3A%2F%2Fwww.rtings.com%2Fmonitor%2Freviews%2Fdell%2Fu2718q&CanonicalUrl=https%3A%2F%2Fwww.rtings.com%2Fmonitor%2Freviews%2Fdell%2Fu2718q' from origin 'https://www.rtings.com' has been blocked by CORS policy: No 'Access-Control-Allow-Origin' header is present on the requested resource. @ https://www.rtings.com/monitor/reviews/dell/u2718q:0
[  168734ms] [ERROR] Failed to load resource: net::ERR_FAILED @ https://hb-api.omnitagjs.com/hb-api/prebid/v1?RefererUrl=https%3A%2F%2Fwww.rtings.com%2Fmonitor%2Freviews%2Fdell%2Fu2718q&PageUrl=https%3A%2F%2Fwww.rtings.com%2Fmonitor%2Freviews%2Fdell%2Fu2718q&PageReferrer=https%3A%2F%2Fwww.rtings.com%2Fmonitor%2Freviews%2Fdell%2Fu2718q&CanonicalUrl=https%3A%2F%2Fwww.rtings.com%2Fmonitor%2Freviews%2Fdell%2Fu2718q:0
[  168902ms] [ERROR] Access to fetch at 'https://hb-api.omnitagjs.com/hb-api/prebid/v1?RefererUrl=https%3A%2F%2Fwww.rtings.com%2Fmonitor%2Freviews%2Fdell%2Fu2718q&PageUrl=https%3A%2F%2Fwww.rtings.com%2Fmonitor%2Freviews%2Fdell%2Fu2718q&PageReferrer=https%3A%2F%2Fwww.rtings.com%2Fmonitor%2Freviews%2Fdell%2Fu2718q&CanonicalUrl=https%3A%2F%2Fwww.rtings.com%2Fmonitor%2Freviews%2Fdell%2Fu2718q' from origin 'https://www.rtings.com' has been blocked by CORS policy: No 'Access-Control-Allow-Origin' header is present on the requested resource. @ https://www.rtings.com/monitor/reviews/dell/u2718q:0
[  168902ms] [ERROR] Failed to load resource: net::ERR_FAILED @ https://hb-api.omnitagjs.com/hb-api/prebid/v1?RefererUrl=https%3A%2F%2Fwww.rtings.com%2Fmonitor%2Freviews%2Fdell%2Fu2718q&PageUrl=https%3A%2F%2Fwww.rtings.com%2Fmonitor%2Freviews%2Fdell%2Fu2718q&PageReferrer=https%3A%2F%2Fwww.rtings.com%2Fmonitor%2Freviews%2Fdell%2Fu2718q&CanonicalUrl=https%3A%2F%2Fwww.rtings.com%2Fmonitor%2Freviews%2Fdell%2Fu2718q:0
[    8312ms] [ERROR] Attestation check for Shared Storage on https://www.googleadservices.com failed. @ https://www.googleadservices.com/pagead/managed/js/activeview/current/reach_worklet.html:0
[    8329ms] [ERROR] Attestation check for Shared Storage on https://www.googleadservices.com failed. @ https://www.googleadservices.com/pagead/managed/js/activeview/current/reach_worklet.html:0
[    8331ms] [ERROR] Attestation check for Shared Storage on https://www.googleadservices.com failed. @ https://www.googleadservices.com/pagead/managed/js/activeview/current/reach_worklet.html:0
[    8332ms] [ERROR] Attestation check for Shared Storage on https://www.googleadservices.com failed. @ https://www.googleadservices.com/pagead/managed/js/activeview/current/reach_worklet.html:0
[    8333ms] [ERROR] Attestation check for Shared Storage on https://www.googleadservices.com failed. @ https://www.googleadservices.com/pagead/managed/js/activeview/current/reach_worklet.html:0
[    8334ms] [ERROR] Attestation check for Shared Storage on https://www.googleadservices.com failed. @ https://www.googleadservices.com/pagead/managed/js/activeview/current/reach_worklet.html:0
[   35267ms] [ERROR] Attestation check for Shared Storage on https://www.googleadservices.com failed. @ https://www.googleadservices.com/pagead/managed/js/activeview/current/reach_worklet.html:0
[   35338ms] [ERROR] Attestation check for Shared Storage on https://www.googleadservices.com failed. @ https://www.googleadservices.com/pagead/managed/js/activeview/current/reach_worklet.html:0
[   35365ms] [ERROR] Attestation check for Shared Storage on https://www.googleadservices.com failed. @ https://www.googleadservices.com/pagead/managed/js/activeview/current/reach_worklet.html:0
[   62196ms] [ERROR] Attestation check for Shared Storage on https://www.googleadservices.com failed. @ https://www.googleadservices.com/pagead/managed/js/activeview/current/reach_worklet.html:0
[   63367ms] [ERROR] Attestation check for Shared Storage on https://www.googleadservices.com failed. @ https://www.googleadservices.com/pagead/managed/js/activeview/current/reach_worklet.html:0
[   63397ms] [ERROR] Attestation check for Shared Storage on https://www.googleadservices.com failed. @ https://www.googleadservices.com/pagead/managed/js/activeview/current/reach_worklet.html:0
[   88960ms] [ERROR] Attestation check for Shared Storage on https://www.googleadservices.com failed. @ https://www.googleadservices.com/pagead/managed/js/activeview/current/reach_worklet.html:0
[   89008ms] [ERROR] Attestation check for Shared Storage on https://www.googleadservices.com failed. @ https://www.googleadservices.com/pagead/managed/js/activeview/current/reach_worklet.html:0
[   89040ms] [ERROR] Attestation check for Shared Storage on https://www.googleadservices.com failed. @ https://www.googleadservices.com/pagead/managed/js/activeview/current/reach_worklet.html:0
[  115398ms] [ERROR] Attestation check for Shared Storage on https://www.googleadservices.com failed. @ https://www.googleadservices.com/pagead/managed/js/activeview/current/reach_worklet.html:0
[  115427ms] [ERROR] Attestation check for Shared Storage on https://www.googleadservices.com failed. @ https://www.googleadservices.com/pagead/managed/js/activeview/current/reach_worklet.html:0
[  118742ms] [ERROR] Attestation check for Shared Storage on https://www.googleadservices.com failed. @ https://www.googleadservices.com/pagead/managed/js/activeview/current/reach_worklet.html:0
[  143464ms] [ERROR] Attestation check for Shared Storage on https://www.googleadservices.com failed. @ https://www.googleadservices.com/pagead/managed/js/activeview/current/reach_worklet.html:0
[  143486ms] [ERROR] Attestation check for Shared Storage on https://www.googleadservices.com failed. @ https://www.googleadservices.com/pagead/managed/js/activeview/current/reach_worklet.html:0
[  143508ms] [ERROR] Attestation check for Shared Storage on https://www.googleadservices.com failed. @ https://www.googleadservices.com/pagead/managed/js/activeview/current/reach_worklet.html:0
[    8312ms] [ERROR] Attestation check for Shared Storage on https://www.googleadservices.com failed. @ https://www.googleadservices.com/pagead/managed/js/activeview/current/reach_worklet.html:0
[    8329ms] [ERROR] Attestation check for Shared Storage on https://www.googleadservices.com failed. @ https://www.googleadservices.com/pagead/managed/js/activeview/current/reach_worklet.html:0
[    8331ms] [ERROR] Attestation check for Shared Storage on https://www.googleadservices.com failed. @ https://www.googleadservices.com/pagead/managed/js/activeview/current/reach_worklet.html:0
[    8332ms] [ERROR] Attestation check for Shared Storage on https://www.googleadservices.com failed. @ https://www.googleadservices.com/pagead/managed/js/activeview/current/reach_worklet.html:0
[    8333ms] [ERROR] Attestation check for Shared Storage on https://www.googleadservices.com failed. @ https://www.googleadservices.com/pagead/managed/js/activeview/current/reach_worklet.html:0
[    8334ms] [ERROR] Attestation check for Shared Storage on https://www.googleadservices.com failed. @ https://www.googleadservices.com/pagead/managed/js/activeview/current/reach_worklet.html:0
[   35267ms] [ERROR] Attestation check for Shared Storage on https://www.googleadservices.com failed. @ https://www.googleadservices.com/pagead/managed/js/activeview/current/reach_worklet.html:0
[   35338ms] [ERROR] Attestation check for Shared Storage on https://www.googleadservices.com failed. @ https://www.googleadservices.com/pagead/managed/js/activeview/current/reach_worklet.html:0
[   35365ms] [ERROR] Attestation check for Shared Storage on https://www.googleadservices.com failed. @ https://www.googleadservices.com/pagead/managed/js/activeview/current/reach_worklet.html:0
[   62196ms] [ERROR] Attestation check for Shared Storage on https://www.googleadservices.com failed. @ https://www.googleadservices.com/pagead/managed/js/activeview/current/reach_worklet.html:0
[   63367ms] [ERROR] Attestation check for Shared Storage on https://www.googleadservices.com failed. @ https://www.googleadservices.com/pagead/managed/js/activeview/current/reach_worklet.html:0
[   63397ms] [ERROR] Attestation check for Shared Storage on https://www.googleadservices.com failed. @ https://www.googleadservices.com/pagead/managed/js/activeview/current/reach_worklet.html:0
[   88960ms] [ERROR] Attestation check for Shared Storage on https://www.googleadservices.com failed. @ https://www.googleadservices.com/pagead/managed/js/activeview/current/reach_worklet.html:0
[   89008ms] [ERROR] Attestation check for Shared Storage on https://www.googleadservices.com failed. @ https://www.googleadservices.com/pagead/managed/js/activeview/current/reach_worklet.html:0
[   89040ms] [ERROR] Attestation check for Shared Storage on https://www.googleadservices.com failed. @ https://www.googleadservices.com/pagead/managed/js/activeview/current/reach_worklet.html:0
[  115398ms] [ERROR] Attestation check for Shared Storage on https://www.googleadservices.com failed. @ https://www.googleadservices.com/pagead/managed/js/activeview/current/reach_worklet.html:0
[  115427ms] [ERROR] Attestation check for Shared Storage on https://www.googleadservices.com failed. @ https://www.googleadservices.com/pagead/managed/js/activeview/current/reach_worklet.html:0
[  118742ms] [ERROR] Attestation check for Shared Storage on https://www.googleadservices.com failed. @ https://www.googleadservices.com/pagead/managed/js/activeview/current/reach_worklet.html:0
[  143464ms] [ERROR] Attestation check for Shared Storage on https://www.googleadservices.com failed. @ https://www.googleadservices.com/pagead/managed/js/activeview/current/reach_worklet.html:0
[  143486ms] [ERROR] Attestation check for Shared Storage on https://www.googleadservices.com failed. @ https://www.googleadservices.com/pagead/managed/js/activeview/current/reach_worklet.html:0
[  143508ms] [ERROR] Attestation check for Shared Storage on https://www.googleadservices.com failed. @ https://www.googleadservices.com/pagead/managed/js/activeview/current/reach_worklet.html:0
[  169791ms] [ERROR] Attestation check for Shared Storage on https://www.googleadservices.com failed. @ https://www.googleadservices.com/pagead/managed/js/activeview/current/reach_worklet.html:0
[  169816ms] [ERROR] Attestation check for Shared Storage on https://www.googleadservices.com failed. @ https://www.googleadservices.com/pagead/managed/js/activeview/current/reach_worklet.html:0
[  170644ms] [ERROR] Access to fetch at 'https://hb-api.omnitagjs.com/hb-api/prebid/v1?RefererUrl=https%3A%2F%2Fwww.rtings.com%2Fmonitor%2Freviews%2Fdell%2Fu2718q&PageUrl=https%3A%2F%2Fwww.rtings.com%2Fmonitor%2Freviews%2Fdell%2Fu2718q&PageReferrer=https%3A%2F%2Fwww.rtings.com%2Fmonitor%2Freviews%2Fdell%2Fu2718q&CanonicalUrl=https%3A%2F%2Fwww.rtings.com%2Fmonitor%2Freviews%2Fdell%2Fu2718q' from origin 'https://www.rtings.com' has been blocked by CORS policy: No 'Access-Control-Allow-Origin' header is present on the requested resource. @ https://www.rtings.com/monitor/reviews/dell/u2718q:0
[  170644ms] [ERROR] Failed to load resource: net::ERR_FAILED @ https://hb-api.omnitagjs.com/hb-api/prebid/v1?RefererUrl=https%3A%2F%2Fwww.rtings.com%2Fmonitor%2Freviews%2Fdell%2Fu2718q&PageUrl=https%3A%2F%2Fwww.rtings.com%2Fmonitor%2Freviews%2Fdell%2Fu2718q&PageReferrer=https%3A%2F%2Fwww.rtings.com%2Fmonitor%2Freviews%2Fdell%2Fu2718q&CanonicalUrl=https%3A%2F%2Fwww.rtings.com%2Fmonitor%2Freviews%2Fdell%2Fu2718q:0
[    8312ms] [ERROR] Attestation check for Shared Storage on https://www.googleadservices.com failed. @ https://www.googleadservices.com/pagead/managed/js/activeview/current/reach_worklet.html:0
[    8329ms] [ERROR] Attestation check for Shared Storage on https://www.googleadservices.com failed. @ https://www.googleadservices.com/pagead/managed/js/activeview/current/reach_worklet.html:0
[    8331ms] [ERROR] Attestation check for Shared Storage on https://www.googleadservices.com failed. @ https://www.googleadservices.com/pagead/managed/js/activeview/current/reach_worklet.html:0
[    8332ms] [ERROR] Attestation check for Shared Storage on https://www.googleadservices.com failed. @ https://www.googleadservices.com/pagead/managed/js/activeview/current/reach_worklet.html:0
[    8333ms] [ERROR] Attestation check for Shared Storage on https://www.googleadservices.com failed. @ https://www.googleadservices.com/pagead/managed/js/activeview/current/reach_worklet.html:0
[    8334ms] [ERROR] Attestation check for Shared Storage on https://www.googleadservices.com failed. @ https://www.googleadservices.com/pagead/managed/js/activeview/current/reach_worklet.html:0
[   35267ms] [ERROR] Attestation check for Shared Storage on https://www.googleadservices.com failed. @ https://www.googleadservices.com/pagead/managed/js/activeview/current/reach_worklet.html:0
[   35338ms] [ERROR] Attestation check for Shared Storage on https://www.googleadservices.com failed. @ https://www.googleadservices.com/pagead/managed/js/activeview/current/reach_worklet.html:0
[   35365ms] [ERROR] Attestation check for Shared Storage on https://www.googleadservices.com failed. @ https://www.googleadservices.com/pagead/managed/js/activeview/current/reach_worklet.html:0
[   62196ms] [ERROR] Attestation check for Shared Storage on https://www.googleadservices.com failed. @ https://www.googleadservices.com/pagead/managed/js/activeview/current/reach_worklet.html:0
[   63367ms] [ERROR] Attestation check for Shared Storage on https://www.googleadservices.com failed. @ https://www.googleadservices.com/pagead/managed/js/activeview/current/reach_worklet.html:0
[   63397ms] [ERROR] Attestation check for Shared Storage on https://www.googleadservices.com failed. @ https://www.googleadservices.com/pagead/managed/js/activeview/current/reach_worklet.html:0
[   88960ms] [ERROR] Attestation check for Shared Storage on https://www.googleadservices.com failed. @ https://www.googleadservices.com/pagead/managed/js/activeview/current/reach_worklet.html:0
[   89008ms] [ERROR] Attestation check for Shared Storage on https://www.googleadservices.com failed. @ https://www.googleadservices.com/pagead/managed/js/activeview/current/reach_worklet.html:0
[   89040ms] [ERROR] Attestation check for Shared Storage on https://www.googleadservices.com failed. @ https://www.googleadservices.com/pagead/managed/js/activeview/current/reach_worklet.html:0
[  115398ms] [ERROR] Attestation check for Shared Storage on https://www.googleadservices.com failed. @ https://www.googleadservices.com/pagead/managed/js/activeview/current/reach_worklet.html:0
[  115427ms] [ERROR] Attestation check for Shared Storage on https://www.googleadservices.com failed. @ https://www.googleadservices.com/pagead/managed/js/activeview/current/reach_worklet.html:0
[  118742ms] [ERROR] Attestation check for Shared Storage on https://www.googleadservices.com failed. @ https://www.googleadservices.com/pagead/managed/js/activeview/current/reach_worklet.html:0
[  143464ms] [ERROR] Attestation check for Shared Storage on https://www.googleadservices.com failed. @ https://www.googleadservices.com/pagead/managed/js/activeview/current/reach_worklet.html:0
[  143486ms] [ERROR] Attestation check for Shared Storage on https://www.googleadservices.com failed. @ https://www.googleadservices.com/pagead/managed/js/activeview/current/reach_worklet.html:0
[  143508ms] [ERROR] Attestation check for Shared Storage on https://www.googleadservices.com failed. @ https://www.googleadservices.com/pagead/managed/js/activeview/current/reach_worklet.html:0
[  169791ms] [ERROR] Attestation check for Shared Storage on https://www.googleadservices.com failed. @ https://www.googleadservices.com/pagead/managed/js/activeview/current/reach_worklet.html:0
[  169816ms] [ERROR] Attestation check for Shared Storage on https://www.googleadservices.com failed. @ https://www.googleadservices.com/pagead/managed/js/activeview/current/reach_worklet.html:0
[  171135ms] [ERROR] Attestation check for Shared Storage on https://www.googleadservices.com failed. @ https://www.googleadservices.com/pagead/managed/js/activeview/current/reach_worklet.html:0
[  194960ms] [ERROR] Failed to load resource: net::ERR_CONNECTION_REFUSED @ https://ssc.33across.com/api/v1/hb?guid=btGMK4vGGr8BLMrkHcnlKl:0
[  194968ms] [ERROR] Failed to load resource: net::ERR_CONNECTION_REFUSED @ https://rt.marphezis.com/hb:0
[  194972ms] [ERROR] Failed to load resource: net::ERR_CONNECTION_REFUSED @ https://rt.marphezis.com/prebid/error:0
[  195181ms] [ERROR] Failed to load resource: net::ERR_CONNECTION_REFUSED @ https://rt.marphezis.com/hb:0
[  195243ms] [ERROR] Failed to load resource: net::ERR_CONNECTION_REFUSED @ https://rt.marphezis.com/prebid/error:0
[  195252ms] [ERROR] Failed to load resource: net::ERR_CONNECTION_REFUSED @ https://ssc.33across.com/api/v1/hb?guid=btGMK4vGGr8BLMrkHcnlKl:0
[  195278ms] [ERROR] Failed to load resource: net::ERR_CONNECTION_REFUSED @ https://ssc.33across.com/api/v1/hb?guid=btGMK4vGGr8BLMrkHcnlKl:0
[  195279ms] [ERROR] Failed to load resource: net::ERR_CONNECTION_REFUSED @ https://rt.marphezis.com/hb:0
[  195284ms] [ERROR] Access to fetch at 'https://hb-api.omnitagjs.com/hb-api/prebid/v1?RefererUrl=https%3A%2F%2Fwww.rtings.com%2Fmonitor%2Freviews%2Fdell%2Fu2718q&PageUrl=https%3A%2F%2Fwww.rtings.com%2Fmonitor%2Freviews%2Fdell%2Fu2718q&PageReferrer=https%3A%2F%2Fwww.rtings.com%2Fmonitor%2Freviews%2Fdell%2Fu2718q&CanonicalUrl=https%3A%2F%2Fwww.rtings.com%2Fmonitor%2Freviews%2Fdell%2Fu2718q' from origin 'https://www.rtings.com' has been blocked by CORS policy: No 'Access-Control-Allow-Origin' header is present on the requested resource. @ https://www.rtings.com/monitor/reviews/dell/u2718q:0
[  195284ms] [ERROR] Failed to load resource: net::ERR_FAILED @ https://hb-api.omnitagjs.com/hb-api/prebid/v1?RefererUrl=https%3A%2F%2Fwww.rtings.com%2Fmonitor%2Freviews%2Fdell%2Fu2718q&PageUrl=https%3A%2F%2Fwww.rtings.com%2Fmonitor%2Freviews%2Fdell%2Fu2718q&PageReferrer=https%3A%2F%2Fwww.rtings.com%2Fmonitor%2Freviews%2Fdell%2Fu2718q&CanonicalUrl=https%3A%2F%2Fwww.rtings.com%2Fmonitor%2Freviews%2Fdell%2Fu2718q:0
[  195285ms] [ERROR] Failed to load resource: net::ERR_CONNECTION_REFUSED @ https://rt.marphezis.com/prebid/error:0
[  195823ms] [ERROR] Access to fetch at 'https://hb-api.omnitagjs.com/hb-api/prebid/v1?RefererUrl=https%3A%2F%2Fwww.rtings.com%2Fmonitor%2Freviews%2Fdell%2Fu2718q&PageUrl=https%3A%2F%2Fwww.rtings.com%2Fmonitor%2Freviews%2Fdell%2Fu2718q&PageReferrer=https%3A%2F%2Fwww.rtings.com%2Fmonitor%2Freviews%2Fdell%2Fu2718q&CanonicalUrl=https%3A%2F%2Fwww.rtings.com%2Fmonitor%2Freviews%2Fdell%2Fu2718q' from origin 'https://www.rtings.com' has been blocked by CORS policy: No 'Access-Control-Allow-Origin' header is present on the requested resource. @ https://www.rtings.com/monitor/reviews/dell/u2718q:0
[  195823ms] [ERROR] Failed to load resource: net::ERR_FAILED @ https://hb-api.omnitagjs.com/hb-api/prebid/v1?RefererUrl=https%3A%2F%2Fwww.rtings.com%2Fmonitor%2Freviews%2Fdell%2Fu2718q&PageUrl=https%3A%2F%2Fwww.rtings.com%2Fmonitor%2Freviews%2Fdell%2Fu2718q&PageReferrer=https%3A%2F%2Fwww.rtings.com%2Fmonitor%2Freviews%2Fdell%2Fu2718q&CanonicalUrl=https%3A%2F%2Fwww.rtings.com%2Fmonitor%2Freviews%2Fdell%2Fu2718q:0
[  196200ms] [ERROR] Access to fetch at 'https://hb-api.omnitagjs.com/hb-api/prebid/v1?RefererUrl=https%3A%2F%2Fwww.rtings.com%2Fmonitor%2Freviews%2Fdell%2Fu2718q&PageUrl=https%3A%2F%2Fwww.rtings.com%2Fmonitor%2Freviews%2Fdell%2Fu2718q&PageReferrer=https%3A%2F%2Fwww.rtings.com%2Fmonitor%2Freviews%2Fdell%2Fu2718q&CanonicalUrl=https%3A%2F%2Fwww.rtings.com%2Fmonitor%2Freviews%2Fdell%2Fu2718q' from origin 'https://www.rtings.com' has been blocked by CORS policy: No 'Access-Control-Allow-Origin' header is present on the requested resource. @ https://www.rtings.com/monitor/reviews/dell/u2718q:0
[  196200ms] [ERROR] Failed to load resource: net::ERR_FAILED @ https://hb-api.omnitagjs.com/hb-api/prebid/v1?RefererUrl=https%3A%2F%2Fwww.rtings.com%2Fmonitor%2Freviews%2Fdell%2Fu2718q&PageUrl=https%3A%2F%2Fwww.rtings.com%2Fmonitor%2Freviews%2Fdell%2Fu2718q&PageReferrer=https%3A%2F%2Fwww.rtings.com%2Fmonitor%2Freviews%2Fdell%2Fu2718q&CanonicalUrl=https%3A%2F%2Fwww.rtings.com%2Fmonitor%2Freviews%2Fdell%2Fu2718q:0
[    8312ms] [ERROR] Attestation check for Shared Storage on https://www.googleadservices.com failed. @ https://www.googleadservices.com/pagead/managed/js/activeview/current/reach_worklet.html:0
[    8329ms] [ERROR] Attestation check for Shared Storage on https://www.googleadservices.com failed. @ https://www.googleadservices.com/pagead/managed/js/activeview/current/reach_worklet.html:0
[    8331ms] [ERROR] Attestation check for Shared Storage on https://www.googleadservices.com failed. @ https://www.googleadservices.com/pagead/managed/js/activeview/current/reach_worklet.html:0
[    8332ms] [ERROR] Attestation check for Shared Storage on https://www.googleadservices.com failed. @ https://www.googleadservices.com/pagead/managed/js/activeview/current/reach_worklet.html:0
[    8333ms] [ERROR] Attestation check for Shared Storage on https://www.googleadservices.com failed. @ https://www.googleadservices.com/pagead/managed/js/activeview/current/reach_worklet.html:0
[    8334ms] [ERROR] Attestation check for Shared Storage on https://www.googleadservices.com failed. @ https://www.googleadservices.com/pagead/managed/js/activeview/current/reach_worklet.html:0
[   35267ms] [ERROR] Attestation check for Shared Storage on https://www.googleadservices.com failed. @ https://www.googleadservices.com/pagead/managed/js/activeview/current/reach_worklet.html:0
[   35338ms] [ERROR] Attestation check for Shared Storage on https://www.googleadservices.com failed. @ https://www.googleadservices.com/pagead/managed/js/activeview/current/reach_worklet.html:0
[   35365ms] [ERROR] Attestation check for Shared Storage on https://www.googleadservices.com failed. @ https://www.googleadservices.com/pagead/managed/js/activeview/current/reach_worklet.html:0
[   62196ms] [ERROR] Attestation check for Shared Storage on https://www.googleadservices.com failed. @ https://www.googleadservices.com/pagead/managed/js/activeview/current/reach_worklet.html:0
[   63367ms] [ERROR] Attestation check for Shared Storage on https://www.googleadservices.com failed. @ https://www.googleadservices.com/pagead/managed/js/activeview/current/reach_worklet.html:0
[   63397ms] [ERROR] Attestation check for Shared Storage on https://www.googleadservices.com failed. @ https://www.googleadservices.com/pagead/managed/js/activeview/current/reach_worklet.html:0
[   88960ms] [ERROR] Attestation check for Shared Storage on https://www.googleadservices.com failed. @ https://www.googleadservices.com/pagead/managed/js/activeview/current/reach_worklet.html:0
[   89008ms] [ERROR] Attestation check for Shared Storage on https://www.googleadservices.com failed. @ https://www.googleadservices.com/pagead/managed/js/activeview/current/reach_worklet.html:0
[   89040ms] [ERROR] Attestation check for Shared Storage on https://www.googleadservices.com failed. @ https://www.googleadservices.com/pagead/managed/js/activeview/current/reach_worklet.html:0
[  115398ms] [ERROR] Attestation check for Shared Storage on https://www.googleadservices.com failed. @ https://www.googleadservices.com/pagead/managed/js/activeview/current/reach_worklet.html:0
[  115427ms] [ERROR] Attestation check for Shared Storage on https://www.googleadservices.com failed. @ https://www.googleadservices.com/pagead/managed/js/activeview/current/reach_worklet.html:0
[  118742ms] [ERROR] Attestation check for Shared Storage on https://www.googleadservices.com failed. @ https://www.googleadservices.com/pagead/managed/js/activeview/current/reach_worklet.html:0
[  143464ms] [ERROR] Attestation check for Shared Storage on https://www.googleadservices.com failed. @ https://www.googleadservices.com/pagead/managed/js/activeview/current/reach_worklet.html:0
[  143486ms] [ERROR] Attestation check for Shared Storage on https://www.googleadservices.com failed. @ https://www.googleadservices.com/pagead/managed/js/activeview/current/reach_worklet.html:0
[  143508ms] [ERROR] Attestation check for Shared Storage on https://www.googleadservices.com failed. @ https://www.googleadservices.com/pagead/managed/js/activeview/current/reach_worklet.html:0
[  169791ms] [ERROR] Attestation check for Shared Storage on https://www.googleadservices.com failed. @ https://www.googleadservices.com/pagead/managed/js/activeview/current/reach_worklet.html:0
[  169816ms] [ERROR] Attestation check for Shared Storage on https://www.googleadservices.com failed. @ https://www.googleadservices.com/pagead/managed/js/activeview/current/reach_worklet.html:0
[  171135ms] [ERROR] Attestation check for Shared Storage on https://www.googleadservices.com failed. @ https://www.googleadservices.com/pagead/managed/js/activeview/current/reach_worklet.html:0
[    8312ms] [ERROR] Attestation check for Shared Storage on https://www.googleadservices.com failed. @ https://www.googleadservices.com/pagead/managed/js/activeview/current/reach_worklet.html:0
[    8329ms] [ERROR] Attestation check for Shared Storage on https://www.googleadservices.com failed. @ https://www.googleadservices.com/pagead/managed/js/activeview/current/reach_worklet.html:0
[    8331ms] [ERROR] Attestation check for Shared Storage on https://www.googleadservices.com failed. @ https://www.googleadservices.com/pagead/managed/js/activeview/current/reach_worklet.html:0
[    8332ms] [ERROR] Attestation check for Shared Storage on https://www.googleadservices.com failed. @ https://www.googleadservices.com/pagead/managed/js/activeview/current/reach_worklet.html:0
[    8333ms] [ERROR] Attestation check for Shared Storage on https://www.googleadservices.com failed. @ https://www.googleadservices.com/pagead/managed/js/activeview/current/reach_worklet.html:0
[    8334ms] [ERROR] Attestation check for Shared Storage on https://www.googleadservices.com failed. @ https://www.googleadservices.com/pagead/managed/js/activeview/current/reach_worklet.html:0
[   35267ms] [ERROR] Attestation check for Shared Storage on https://www.googleadservices.com failed. @ https://www.googleadservices.com/pagead/managed/js/activeview/current/reach_worklet.html:0
[   35338ms] [ERROR] Attestation check for Shared Storage on https://www.googleadservices.com failed. @ https://www.googleadservices.com/pagead/managed/js/activeview/current/reach_worklet.html:0
[   35365ms] [ERROR] Attestation check for Shared Storage on https://www.googleadservices.com failed. @ https://www.googleadservices.com/pagead/managed/js/activeview/current/reach_worklet.html:0
[   62196ms] [ERROR] Attestation check for Shared Storage on https://www.googleadservices.com failed. @ https://www.googleadservices.com/pagead/managed/js/activeview/current/reach_worklet.html:0
[   63367ms] [ERROR] Attestation check for Shared Storage on https://www.googleadservices.com failed. @ https://www.googleadservices.com/pagead/managed/js/activeview/current/reach_worklet.html:0
[   63397ms] [ERROR] Attestation check for Shared Storage on https://www.googleadservices.com failed. @ https://www.googleadservices.com/pagead/managed/js/activeview/current/reach_worklet.html:0
[   88960ms] [ERROR] Attestation check for Shared Storage on https://www.googleadservices.com failed. @ https://www.googleadservices.com/pagead/managed/js/activeview/current/reach_worklet.html:0
[   89008ms] [ERROR] Attestation check for Shared Storage on https://www.googleadservices.com failed. @ https://www.googleadservices.com/pagead/managed/js/activeview/current/reach_worklet.html:0
[   89040ms] [ERROR] Attestation check for Shared Storage on https://www.googleadservices.com failed. @ https://www.googleadservices.com/pagead/managed/js/activeview/current/reach_worklet.html:0
[  115398ms] [ERROR] Attestation check for Shared Storage on https://www.googleadservices.com failed. @ https://www.googleadservices.com/pagead/managed/js/activeview/current/reach_worklet.html:0
[  115427ms] [ERROR] Attestation check for Shared Storage on https://www.googleadservices.com failed. @ https://www.googleadservices.com/pagead/managed/js/activeview/current/reach_worklet.html:0
[  118742ms] [ERROR] Attestation check for Shared Storage on https://www.googleadservices.com failed. @ https://www.googleadservices.com/pagead/managed/js/activeview/current/reach_worklet.html:0
[  143464ms] [ERROR] Attestation check for Shared Storage on https://www.googleadservices.com failed. @ https://www.googleadservices.com/pagead/managed/js/activeview/current/reach_worklet.html:0
[  143486ms] [ERROR] Attestation check for Shared Storage on https://www.googleadservices.com failed. @ https://www.googleadservices.com/pagead/managed/js/activeview/current/reach_worklet.html:0
[  143508ms] [ERROR] Attestation check for Shared Storage on https://www.googleadservices.com failed. @ https://www.googleadservices.com/pagead/managed/js/activeview/current/reach_worklet.html:0
[  169791ms] [ERROR] Attestation check for Shared Storage on https://www.googleadservices.com failed. @ https://www.googleadservices.com/pagead/managed/js/activeview/current/reach_worklet.html:0
[  169816ms] [ERROR] Attestation check for Shared Storage on https://www.googleadservices.com failed. @ https://www.googleadservices.com/pagead/managed/js/activeview/current/reach_worklet.html:0
[  171135ms] [ERROR] Attestation check for Shared Storage on https://www.googleadservices.com failed. @ https://www.googleadservices.com/pagead/managed/js/activeview/current/reach_worklet.html:0
[  196541ms] [ERROR] Attestation check for Shared Storage on https://www.googleadservices.com failed. @ https://www.googleadservices.com/pagead/managed/js/activeview/current/reach_worklet.html:0
[    8312ms] [ERROR] Attestation check for Shared Storage on https://www.googleadservices.com failed. @ https://www.googleadservices.com/pagead/managed/js/activeview/current/reach_worklet.html:0
[    8329ms] [ERROR] Attestation check for Shared Storage on https://www.googleadservices.com failed. @ https://www.googleadservices.com/pagead/managed/js/activeview/current/reach_worklet.html:0
[    8331ms] [ERROR] Attestation check for Shared Storage on https://www.googleadservices.com failed. @ https://www.googleadservices.com/pagead/managed/js/activeview/current/reach_worklet.html:0
[    8332ms] [ERROR] Attestation check for Shared Storage on https://www.googleadservices.com failed. @ https://www.googleadservices.com/pagead/managed/js/activeview/current/reach_worklet.html:0
[    8333ms] [ERROR] Attestation check for Shared Storage on https://www.googleadservices.com failed. @ https://www.googleadservices.com/pagead/managed/js/activeview/current/reach_worklet.html:0
[    8334ms] [ERROR] Attestation check for Shared Storage on https://www.googleadservices.com failed. @ https://www.googleadservices.com/pagead/managed/js/activeview/current/reach_worklet.html:0
[   35267ms] [ERROR] Attestation check for Shared Storage on https://www.googleadservices.com failed. @ https://www.googleadservices.com/pagead/managed/js/activeview/current/reach_worklet.html:0
[   35338ms] [ERROR] Attestation check for Shared Storage on https://www.googleadservices.com failed. @ https://www.googleadservices.com/pagead/managed/js/activeview/current/reach_worklet.html:0
[   35365ms] [ERROR] Attestation check for Shared Storage on https://www.googleadservices.com failed. @ https://www.googleadservices.com/pagead/managed/js/activeview/current/reach_worklet.html:0
[   62196ms] [ERROR] Attestation check for Shared Storage on https://www.googleadservices.com failed. @ https://www.googleadservices.com/pagead/managed/js/activeview/current/reach_worklet.html:0
[   63367ms] [ERROR] Attestation check for Shared Storage on https://www.googleadservices.com failed. @ https://www.googleadservices.com/pagead/managed/js/activeview/current/reach_worklet.html:0
[   63397ms] [ERROR] Attestation check for Shared Storage on https://www.googleadservices.com failed. @ https://www.googleadservices.com/pagead/managed/js/activeview/current/reach_worklet.html:0
[   88960ms] [ERROR] Attestation check for Shared Storage on https://www.googleadservices.com failed. @ https://www.googleadservices.com/pagead/managed/js/activeview/current/reach_worklet.html:0
[   89008ms] [ERROR] Attestation check for Shared Storage on https://www.googleadservices.com failed. @ https://www.googleadservices.com/pagead/managed/js/activeview/current/reach_worklet.html:0
[   89040ms] [ERROR] Attestation check for Shared Storage on https://www.googleadservices.com failed. @ https://www.googleadservices.com/pagead/managed/js/activeview/current/reach_worklet.html:0
[  115398ms] [ERROR] Attestation check for Shared Storage on https://www.googleadservices.com failed. @ https://www.googleadservices.com/pagead/managed/js/activeview/current/reach_worklet.html:0
[  115427ms] [ERROR] Attestation check for Shared Storage on https://www.googleadservices.com failed. @ https://www.googleadservices.com/pagead/managed/js/activeview/current/reach_worklet.html:0
[  118742ms] [ERROR] Attestation check for Shared Storage on https://www.googleadservices.com failed. @ https://www.googleadservices.com/pagead/managed/js/activeview/current/reach_worklet.html:0
[  143464ms] [ERROR] Attestation check for Shared Storage on https://www.googleadservices.com failed. @ https://www.googleadservices.com/pagead/managed/js/activeview/current/reach_worklet.html:0
[  143486ms] [ERROR] Attestation check for Shared Storage on https://www.googleadservices.com failed. @ https://www.googleadservices.com/pagead/managed/js/activeview/current/reach_worklet.html:0
[  143508ms] [ERROR] Attestation check for Shared Storage on https://www.googleadservices.com failed. @ https://www.googleadservices.com/pagead/managed/js/activeview/current/reach_worklet.html:0
[  169791ms] [ERROR] Attestation check for Shared Storage on https://www.googleadservices.com failed. @ https://www.googleadservices.com/pagead/managed/js/activeview/current/reach_worklet.html:0
[  169816ms] [ERROR] Attestation check for Shared Storage on https://www.googleadservices.com failed. @ https://www.googleadservices.com/pagead/managed/js/activeview/current/reach_worklet.html:0
[  171135ms] [ERROR] Attestation check for Shared Storage on https://www.googleadservices.com failed. @ https://www.googleadservices.com/pagead/managed/js/activeview/current/reach_worklet.html:0
[  196541ms] [ERROR] Attestation check for Shared Storage on https://www.googleadservices.com failed. @ https://www.googleadservices.com/pagead/managed/js/activeview/current/reach_worklet.html:0
[  197002ms] [ERROR] Attestation check for Shared Storage on https://www.googleadservices.com failed. @ https://www.googleadservices.com/pagead/managed/js/activeview/current/reach_worklet.html:0
[  197125ms] [ERROR] Attestation check for Shared Storage on https://www.googleadservices.com failed. @ https://www.googleadservices.com/pagead/managed/js/activeview/current/reach_worklet.html:0
[  221964ms] [ERROR] Failed to load resource: net::ERR_CONNECTION_REFUSED @ https://ssc.33across.com/api/v1/hb?guid=btGMK4vGGr8BLMrkHcnlKl:0
[  221965ms] [ERROR] Failed to load resource: net::ERR_CONNECTION_REFUSED @ https://rt.marphezis.com/hb:0
[  221968ms] [ERROR] Failed to load resource: net::ERR_CONNECTION_REFUSED @ https://rt.marphezis.com/prebid/error:0
[  222182ms] [ERROR] Failed to load resource: net::ERR_CONNECTION_REFUSED @ https://rt.marphezis.com/hb:0
[  222183ms] [ERROR] Failed to load resource: net::ERR_CONNECTION_REFUSED @ https://ssc.33across.com/api/v1/hb?guid=btGMK4vGGr8BLMrkHcnlKl:0
[  222184ms] [ERROR] Failed to load resource: net::ERR_CONNECTION_REFUSED @ https://rt.marphezis.com/prebid/error:0
[  222230ms] [ERROR] Failed to load resource: net::ERR_CONNECTION_REFUSED @ https://rt.marphezis.com/hb:0
[  222231ms] [ERROR] Failed to load resource: net::ERR_CONNECTION_REFUSED @ https://ssc.33across.com/api/v1/hb?guid=btGMK4vGGr8BLMrkHcnlKl:0
[  222231ms] [ERROR] Failed to load resource: net::ERR_CONNECTION_REFUSED @ https://rt.marphezis.com/prebid/error:0
[  222675ms] [ERROR] Access to fetch at 'https://hb-api.omnitagjs.com/hb-api/prebid/v1?RefererUrl=https%3A%2F%2Fwww.rtings.com%2Fmonitor%2Freviews%2Fdell%2Fu2718q&PageUrl=https%3A%2F%2Fwww.rtings.com%2Fmonitor%2Freviews%2Fdell%2Fu2718q&PageReferrer=https%3A%2F%2Fwww.rtings.com%2Fmonitor%2Freviews%2Fdell%2Fu2718q&CanonicalUrl=https%3A%2F%2Fwww.rtings.com%2Fmonitor%2Freviews%2Fdell%2Fu2718q' from origin 'https://www.rtings.com' has been blocked by CORS policy: No 'Access-Control-Allow-Origin' header is present on the requested resource. @ https://www.rtings.com/monitor/reviews/dell/u2718q:0
[  222675ms] [ERROR] Failed to load resource: net::ERR_FAILED @ https://hb-api.omnitagjs.com/hb-api/prebid/v1?RefererUrl=https%3A%2F%2Fwww.rtings.com%2Fmonitor%2Freviews%2Fdell%2Fu2718q&PageUrl=https%3A%2F%2Fwww.rtings.com%2Fmonitor%2Freviews%2Fdell%2Fu2718q&PageReferrer=https%3A%2F%2Fwww.rtings.com%2Fmonitor%2Freviews%2Fdell%2Fu2718q&CanonicalUrl=https%3A%2F%2Fwww.rtings.com%2Fmonitor%2Freviews%2Fdell%2Fu2718q:0
[  222865ms] [ERROR] Access to fetch at 'https://hb-api.omnitagjs.com/hb-api/prebid/v1?RefererUrl=https%3A%2F%2Fwww.rtings.com%2Fmonitor%2Freviews%2Fdell%2Fu2718q&PageUrl=https%3A%2F%2Fwww.rtings.com%2Fmonitor%2Freviews%2Fdell%2Fu2718q&PageReferrer=https%3A%2F%2Fwww.rtings.com%2Fmonitor%2Freviews%2Fdell%2Fu2718q&CanonicalUrl=https%3A%2F%2Fwww.rtings.com%2Fmonitor%2Freviews%2Fdell%2Fu2718q' from origin 'https://www.rtings.com' has been blocked by CORS policy: No 'Access-Control-Allow-Origin' header is present on the requested resource. @ https://www.rtings.com/monitor/reviews/dell/u2718q:0
[  222865ms] [ERROR] Failed to load resource: net::ERR_FAILED @ https://hb-api.omnitagjs.com/hb-api/prebid/v1?RefererUrl=https%3A%2F%2Fwww.rtings.com%2Fmonitor%2Freviews%2Fdell%2Fu2718q&PageUrl=https%3A%2F%2Fwww.rtings.com%2Fmonitor%2Freviews%2Fdell%2Fu2718q&PageReferrer=https%3A%2F%2Fwww.rtings.com%2Fmonitor%2Freviews%2Fdell%2Fu2718q&CanonicalUrl=https%3A%2F%2Fwww.rtings.com%2Fmonitor%2Freviews%2Fdell%2Fu2718q:0
[  222927ms] [ERROR] Access to fetch at 'https://hb-api.omnitagjs.com/hb-api/prebid/v1?RefererUrl=https%3A%2F%2Fwww.rtings.com%2Fmonitor%2Freviews%2Fdell%2Fu2718q&PageUrl=https%3A%2F%2Fwww.rtings.com%2Fmonitor%2Freviews%2Fdell%2Fu2718q&PageReferrer=https%3A%2F%2Fwww.rtings.com%2Fmonitor%2Freviews%2Fdell%2Fu2718q&CanonicalUrl=https%3A%2F%2Fwww.rtings.com%2Fmonitor%2Freviews%2Fdell%2Fu2718q' from origin 'https://www.rtings.com' has been blocked by CORS policy: No 'Access-Control-Allow-Origin' header is present on the requested resource. @ https://www.rtings.com/monitor/reviews/dell/u2718q:0
[  222927ms] [ERROR] Failed to load resource: net::ERR_FAILED @ https://hb-api.omnitagjs.com/hb-api/prebid/v1?RefererUrl=https%3A%2F%2Fwww.rtings.com%2Fmonitor%2Freviews%2Fdell%2Fu2718q&PageUrl=https%3A%2F%2Fwww.rtings.com%2Fmonitor%2Freviews%2Fdell%2Fu2718q&PageReferrer=https%3A%2F%2Fwww.rtings.com%2Fmonitor%2Freviews%2Fdell%2Fu2718q&CanonicalUrl=https%3A%2F%2Fwww.rtings.com%2Fmonitor%2Freviews%2Fdell%2Fu2718q:0
[    8312ms] [ERROR] Attestation check for Shared Storage on https://www.googleadservices.com failed. @ https://www.googleadservices.com/pagead/managed/js/activeview/current/reach_worklet.html:0
[    8329ms] [ERROR] Attestation check for Shared Storage on https://www.googleadservices.com failed. @ https://www.googleadservices.com/pagead/managed/js/activeview/current/reach_worklet.html:0
[    8331ms] [ERROR] Attestation check for Shared Storage on https://www.googleadservices.com failed. @ https://www.googleadservices.com/pagead/managed/js/activeview/current/reach_worklet.html:0
[    8332ms] [ERROR] Attestation check for Shared Storage on https://www.googleadservices.com failed. @ https://www.googleadservices.com/pagead/managed/js/activeview/current/reach_worklet.html:0
[    8333ms] [ERROR] Attestation check for Shared Storage on https://www.googleadservices.com failed. @ https://www.googleadservices.com/pagead/managed/js/activeview/current/reach_worklet.html:0
[    8334ms] [ERROR] Attestation check for Shared Storage on https://www.googleadservices.com failed. @ https://www.googleadservices.com/pagead/managed/js/activeview/current/reach_worklet.html:0
[   35267ms] [ERROR] Attestation check for Shared Storage on https://www.googleadservices.com failed. @ https://www.googleadservices.com/pagead/managed/js/activeview/current/reach_worklet.html:0
[   35338ms] [ERROR] Attestation check for Shared Storage on https://www.googleadservices.com failed. @ https://www.googleadservices.com/pagead/managed/js/activeview/current/reach_worklet.html:0
[   35365ms] [ERROR] Attestation check for Shared Storage on https://www.googleadservices.com failed. @ https://www.googleadservices.com/pagead/managed/js/activeview/current/reach_worklet.html:0
[   62196ms] [ERROR] Attestation check for Shared Storage on https://www.googleadservices.com failed. @ https://www.googleadservices.com/pagead/managed/js/activeview/current/reach_worklet.html:0
[   63367ms] [ERROR] Attestation check for Shared Storage on https://www.googleadservices.com failed. @ https://www.googleadservices.com/pagead/managed/js/activeview/current/reach_worklet.html:0
[   63397ms] [ERROR] Attestation check for Shared Storage on https://www.googleadservices.com failed. @ https://www.googleadservices.com/pagead/managed/js/activeview/current/reach_worklet.html:0
[   88960ms] [ERROR] Attestation check for Shared Storage on https://www.googleadservices.com failed. @ https://www.googleadservices.com/pagead/managed/js/activeview/current/reach_worklet.html:0
[   89008ms] [ERROR] Attestation check for Shared Storage on https://www.googleadservices.com failed. @ https://www.googleadservices.com/pagead/managed/js/activeview/current/reach_worklet.html:0
[   89040ms] [ERROR] Attestation check for Shared Storage on https://www.googleadservices.com failed. @ https://www.googleadservices.com/pagead/managed/js/activeview/current/reach_worklet.html:0
[  115398ms] [ERROR] Attestation check for Shared Storage on https://www.googleadservices.com failed. @ https://www.googleadservices.com/pagead/managed/js/activeview/current/reach_worklet.html:0
[  115427ms] [ERROR] Attestation check for Shared Storage on https://www.googleadservices.com failed. @ https://www.googleadservices.com/pagead/managed/js/activeview/current/reach_worklet.html:0
[  118742ms] [ERROR] Attestation check for Shared Storage on https://www.googleadservices.com failed. @ https://www.googleadservices.com/pagead/managed/js/activeview/current/reach_worklet.html:0
[  143464ms] [ERROR] Attestation check for Shared Storage on https://www.googleadservices.com failed. @ https://www.googleadservices.com/pagead/managed/js/activeview/current/reach_worklet.html:0
[  143486ms] [ERROR] Attestation check for Shared Storage on https://www.googleadservices.com failed. @ https://www.googleadservices.com/pagead/managed/js/activeview/current/reach_worklet.html:0
[  143508ms] [ERROR] Attestation check for Shared Storage on https://www.googleadservices.com failed. @ https://www.googleadservices.com/pagead/managed/js/activeview/current/reach_worklet.html:0
[  169791ms] [ERROR] Attestation check for Shared Storage on https://www.googleadservices.com failed. @ https://www.googleadservices.com/pagead/managed/js/activeview/current/reach_worklet.html:0
[  169816ms] [ERROR] Attestation check for Shared Storage on https://www.googleadservices.com failed. @ https://www.googleadservices.com/pagead/managed/js/activeview/current/reach_worklet.html:0
[  171135ms] [ERROR] Attestation check for Shared Storage on https://www.googleadservices.com failed. @ https://www.googleadservices.com/pagead/managed/js/activeview/current/reach_worklet.html:0
[  196541ms] [ERROR] Attestation check for Shared Storage on https://www.googleadservices.com failed. @ https://www.googleadservices.com/pagead/managed/js/activeview/current/reach_worklet.html:0
[  197002ms] [ERROR] Attestation check for Shared Storage on https://www.googleadservices.com failed. @ https://www.googleadservices.com/pagead/managed/js/activeview/current/reach_worklet.html:0
[  197125ms] [ERROR] Attestation check for Shared Storage on https://www.googleadservices.com failed. @ https://www.googleadservices.com/pagead/managed/js/activeview/current/reach_worklet.html:0
[    8312ms] [ERROR] Attestation check for Shared Storage on https://www.googleadservices.com failed. @ https://www.googleadservices.com/pagead/managed/js/activeview/current/reach_worklet.html:0
[    8329ms] [ERROR] Attestation check for Shared Storage on https://www.googleadservices.com failed. @ https://www.googleadservices.com/pagead/managed/js/activeview/current/reach_worklet.html:0
[    8331ms] [ERROR] Attestation check for Shared Storage on https://www.googleadservices.com failed. @ https://www.googleadservices.com/pagead/managed/js/activeview/current/reach_worklet.html:0
[    8332ms] [ERROR] Attestation check for Shared Storage on https://www.googleadservices.com failed. @ https://www.googleadservices.com/pagead/managed/js/activeview/current/reach_worklet.html:0
[    8333ms] [ERROR] Attestation check for Shared Storage on https://www.googleadservices.com failed. @ https://www.googleadservices.com/pagead/managed/js/activeview/current/reach_worklet.html:0
[    8334ms] [ERROR] Attestation check for Shared Storage on https://www.googleadservices.com failed. @ https://www.googleadservices.com/pagead/managed/js/activeview/current/reach_worklet.html:0
[   35267ms] [ERROR] Attestation check for Shared Storage on https://www.googleadservices.com failed. @ https://www.googleadservices.com/pagead/managed/js/activeview/current/reach_worklet.html:0
[   35338ms] [ERROR] Attestation check for Shared Storage on https://www.googleadservices.com failed. @ https://www.googleadservices.com/pagead/managed/js/activeview/current/reach_worklet.html:0
[   35365ms] [ERROR] Attestation check for Shared Storage on https://www.googleadservices.com failed. @ https://www.googleadservices.com/pagead/managed/js/activeview/current/reach_worklet.html:0
[   62196ms] [ERROR] Attestation check for Shared Storage on https://www.googleadservices.com failed. @ https://www.googleadservices.com/pagead/managed/js/activeview/current/reach_worklet.html:0
[   63367ms] [ERROR] Attestation check for Shared Storage on https://www.googleadservices.com failed. @ https://www.googleadservices.com/pagead/managed/js/activeview/current/reach_worklet.html:0
[   63397ms] [ERROR] Attestation check for Shared Storage on https://www.googleadservices.com failed. @ https://www.googleadservices.com/pagead/managed/js/activeview/current/reach_worklet.html:0
[   88960ms] [ERROR] Attestation check for Shared Storage on https://www.googleadservices.com failed. @ https://www.googleadservices.com/pagead/managed/js/activeview/current/reach_worklet.html:0
[   89008ms] [ERROR] Attestation check for Shared Storage on https://www.googleadservices.com failed. @ https://www.googleadservices.com/pagead/managed/js/activeview/current/reach_worklet.html:0
[   89040ms] [ERROR] Attestation check for Shared Storage on https://www.googleadservices.com failed. @ https://www.googleadservices.com/pagead/managed/js/activeview/current/reach_worklet.html:0
[  115398ms] [ERROR] Attestation check for Shared Storage on https://www.googleadservices.com failed. @ https://www.googleadservices.com/pagead/managed/js/activeview/current/reach_worklet.html:0
[  115427ms] [ERROR] Attestation check for Shared Storage on https://www.googleadservices.com failed. @ https://www.googleadservices.com/pagead/managed/js/activeview/current/reach_worklet.html:0
[  118742ms] [ERROR] Attestation check for Shared Storage on https://www.googleadservices.com failed. @ https://www.googleadservices.com/pagead/managed/js/activeview/current/reach_worklet.html:0
[  143464ms] [ERROR] Attestation check for Shared Storage on https://www.googleadservices.com failed. @ https://www.googleadservices.com/pagead/managed/js/activeview/current/reach_worklet.html:0
[  143486ms] [ERROR] Attestation check for Shared Storage on https://www.googleadservices.com failed. @ https://www.googleadservices.com/pagead/managed/js/activeview/current/reach_worklet.html:0
[  143508ms] [ERROR] Attestation check for Shared Storage on https://www.googleadservices.com failed. @ https://www.googleadservices.com/pagead/managed/js/activeview/current/reach_worklet.html:0
[  169791ms] [ERROR] Attestation check for Shared Storage on https://www.googleadservices.com failed. @ https://www.googleadservices.com/pagead/managed/js/activeview/current/reach_worklet.html:0
[  169816ms] [ERROR] Attestation check for Shared Storage on https://www.googleadservices.com failed. @ https://www.googleadservices.com/pagead/managed/js/activeview/current/reach_worklet.html:0
[  171135ms] [ERROR] Attestation check for Shared Storage on https://www.googleadservices.com failed. @ https://www.googleadservices.com/pagead/managed/js/activeview/current/reach_worklet.html:0
[  196541ms] [ERROR] Attestation check for Shared Storage on https://www.googleadservices.com failed. @ https://www.googleadservices.com/pagead/managed/js/activeview/current/reach_worklet.html:0
[  197002ms] [ERROR] Attestation check for Shared Storage on https://www.googleadservices.com failed. @ https://www.googleadservices.com/pagead/managed/js/activeview/current/reach_worklet.html:0
[  197125ms] [ERROR] Attestation check for Shared Storage on https://www.googleadservices.com failed. @ https://www.googleadservices.com/pagead/managed/js/activeview/current/reach_worklet.html:0
[  223584ms] [ERROR] Attestation check for Shared Storage on https://www.googleadservices.com failed. @ https://www.googleadservices.com/pagead/managed/js/activeview/current/reach_worklet.html:0
[    8312ms] [ERROR] Attestation check for Shared Storage on https://www.googleadservices.com failed. @ https://www.googleadservices.com/pagead/managed/js/activeview/current/reach_worklet.html:0
[    8329ms] [ERROR] Attestation check for Shared Storage on https://www.googleadservices.com failed. @ https://www.googleadservices.com/pagead/managed/js/activeview/current/reach_worklet.html:0
[    8331ms] [ERROR] Attestation check for Shared Storage on https://www.googleadservices.com failed. @ https://www.googleadservices.com/pagead/managed/js/activeview/current/reach_worklet.html:0
[    8332ms] [ERROR] Attestation check for Shared Storage on https://www.googleadservices.com failed. @ https://www.googleadservices.com/pagead/managed/js/activeview/current/reach_worklet.html:0
[    8333ms] [ERROR] Attestation check for Shared Storage on https://www.googleadservices.com failed. @ https://www.googleadservices.com/pagead/managed/js/activeview/current/reach_worklet.html:0
[    8334ms] [ERROR] Attestation check for Shared Storage on https://www.googleadservices.com failed. @ https://www.googleadservices.com/pagead/managed/js/activeview/current/reach_worklet.html:0
[   35267ms] [ERROR] Attestation check for Shared Storage on https://www.googleadservices.com failed. @ https://www.googleadservices.com/pagead/managed/js/activeview/current/reach_worklet.html:0
[   35338ms] [ERROR] Attestation check for Shared Storage on https://www.googleadservices.com failed. @ https://www.googleadservices.com/pagead/managed/js/activeview/current/reach_worklet.html:0
[   35365ms] [ERROR] Attestation check for Shared Storage on https://www.googleadservices.com failed. @ https://www.googleadservices.com/pagead/managed/js/activeview/current/reach_worklet.html:0
[   62196ms] [ERROR] Attestation check for Shared Storage on https://www.googleadservices.com failed. @ https://www.googleadservices.com/pagead/managed/js/activeview/current/reach_worklet.html:0
[   63367ms] [ERROR] Attestation check for Shared Storage on https://www.googleadservices.com failed. @ https://www.googleadservices.com/pagead/managed/js/activeview/current/reach_worklet.html:0
[   63397ms] [ERROR] Attestation check for Shared Storage on https://www.googleadservices.com failed. @ https://www.googleadservices.com/pagead/managed/js/activeview/current/reach_worklet.html:0
[   88960ms] [ERROR] Attestation check for Shared Storage on https://www.googleadservices.com failed. @ https://www.googleadservices.com/pagead/managed/js/activeview/current/reach_worklet.html:0
[   89008ms] [ERROR] Attestation check for Shared Storage on https://www.googleadservices.com failed. @ https://www.googleadservices.com/pagead/managed/js/activeview/current/reach_worklet.html:0
[   89040ms] [ERROR] Attestation check for Shared Storage on https://www.googleadservices.com failed. @ https://www.googleadservices.com/pagead/managed/js/activeview/current/reach_worklet.html:0
[  115398ms] [ERROR] Attestation check for Shared Storage on https://www.googleadservices.com failed. @ https://www.googleadservices.com/pagead/managed/js/activeview/current/reach_worklet.html:0
[  115427ms] [ERROR] Attestation check for Shared Storage on https://www.googleadservices.com failed. @ https://www.googleadservices.com/pagead/managed/js/activeview/current/reach_worklet.html:0
[  118742ms] [ERROR] Attestation check for Shared Storage on https://www.googleadservices.com failed. @ https://www.googleadservices.com/pagead/managed/js/activeview/current/reach_worklet.html:0
[  143464ms] [ERROR] Attestation check for Shared Storage on https://www.googleadservices.com failed. @ https://www.googleadservices.com/pagead/managed/js/activeview/current/reach_worklet.html:0
[  143486ms] [ERROR] Attestation check for Shared Storage on https://www.googleadservices.com failed. @ https://www.googleadservices.com/pagead/managed/js/activeview/current/reach_worklet.html:0
[  143508ms] [ERROR] Attestation check for Shared Storage on https://www.googleadservices.com failed. @ https://www.googleadservices.com/pagead/managed/js/activeview/current/reach_worklet.html:0
[  169791ms] [ERROR] Attestation check for Shared Storage on https://www.googleadservices.com failed. @ https://www.googleadservices.com/pagead/managed/js/activeview/current/reach_worklet.html:0
[  169816ms] [ERROR] Attestation check for Shared Storage on https://www.googleadservices.com failed. @ https://www.googleadservices.com/pagead/managed/js/activeview/current/reach_worklet.html:0
[  171135ms] [ERROR] Attestation check for Shared Storage on https://www.googleadservices.com failed. @ https://www.googleadservices.com/pagead/managed/js/activeview/current/reach_worklet.html:0
[  196541ms] [ERROR] Attestation check for Shared Storage on https://www.googleadservices.com failed. @ https://www.googleadservices.com/pagead/managed/js/activeview/current/reach_worklet.html:0
[  197002ms] [ERROR] Attestation check for Shared Storage on https://www.googleadservices.com failed. @ https://www.googleadservices.com/pagead/managed/js/activeview/current/reach_worklet.html:0
[  197125ms] [ERROR] Attestation check for Shared Storage on https://www.googleadservices.com failed. @ https://www.googleadservices.com/pagead/managed/js/activeview/current/reach_worklet.html:0
[  223584ms] [ERROR] Attestation check for Shared Storage on https://www.googleadservices.com failed. @ https://www.googleadservices.com/pagead/managed/js/activeview/current/reach_worklet.html:0
[  223747ms] [ERROR] Attestation check for Shared Storage on https://www.googleadservices.com failed. @ https://www.googleadservices.com/pagead/managed/js/activeview/current/reach_worklet.html:0
[  223773ms] [ERROR] Attestation check for Shared Storage on https://www.googleadservices.com failed. @ https://www.googleadservices.com/pagead/managed/js/activeview/current/reach_worklet.html:0
[  249058ms] [ERROR] Failed to load resource: net::ERR_CONNECTION_REFUSED @ https://ssc.33across.com/api/v1/hb?guid=btGMK4vGGr8BLMrkHcnlKl:0
[  249059ms] [ERROR] Failed to load resource: net::ERR_CONNECTION_REFUSED @ https://rt.marphezis.com/hb:0
[  249061ms] [ERROR] Failed to load resource: net::ERR_CONNECTION_REFUSED @ https://rt.marphezis.com/prebid/error:0
[  249189ms] [ERROR] Failed to load resource: net::ERR_CONNECTION_REFUSED @ https://ssc.33across.com/api/v1/hb?guid=btGMK4vGGr8BLMrkHcnlKl:0
[  249189ms] [ERROR] Failed to load resource: net::ERR_CONNECTION_REFUSED @ https://rt.marphezis.com/hb:0
[  249191ms] [ERROR] Failed to load resource: net::ERR_CONNECTION_REFUSED @ https://rt.marphezis.com/prebid/error:0
[  249243ms] [ERROR] Failed to load resource: net::ERR_CONNECTION_REFUSED @ https://rt.marphezis.com/hb:0
[  249244ms] [ERROR] Failed to load resource: net::ERR_CONNECTION_REFUSED @ https://ssc.33across.com/api/v1/hb?guid=btGMK4vGGr8BLMrkHcnlKl:0
[  249249ms] [ERROR] Failed to load resource: net::ERR_CONNECTION_REFUSED @ https://rt.marphezis.com/prebid/error:0
[  249650ms] [ERROR] Access to fetch at 'https://hb-api.omnitagjs.com/hb-api/prebid/v1?RefererUrl=https%3A%2F%2Fwww.rtings.com%2Fmonitor%2Freviews%2Fdell%2Fu2718q&PageUrl=https%3A%2F%2Fwww.rtings.com%2Fmonitor%2Freviews%2Fdell%2Fu2718q&PageReferrer=https%3A%2F%2Fwww.rtings.com%2Fmonitor%2Freviews%2Fdell%2Fu2718q&CanonicalUrl=https%3A%2F%2Fwww.rtings.com%2Fmonitor%2Freviews%2Fdell%2Fu2718q' from origin 'https://www.rtings.com' has been blocked by CORS policy: No 'Access-Control-Allow-Origin' header is present on the requested resource. @ https://www.rtings.com/monitor/reviews/dell/u2718q:0
[  249650ms] [ERROR] Failed to load resource: net::ERR_FAILED @ https://hb-api.omnitagjs.com/hb-api/prebid/v1?RefererUrl=https%3A%2F%2Fwww.rtings.com%2Fmonitor%2Freviews%2Fdell%2Fu2718q&PageUrl=https%3A%2F%2Fwww.rtings.com%2Fmonitor%2Freviews%2Fdell%2Fu2718q&PageReferrer=https%3A%2F%2Fwww.rtings.com%2Fmonitor%2Freviews%2Fdell%2Fu2718q&CanonicalUrl=https%3A%2F%2Fwww.rtings.com%2Fmonitor%2Freviews%2Fdell%2Fu2718q:0
[  249823ms] [ERROR] Access to fetch at 'https://hb-api.omnitagjs.com/hb-api/prebid/v1?RefererUrl=https%3A%2F%2Fwww.rtings.com%2Fmonitor%2Freviews%2Fdell%2Fu2718q&PageUrl=https%3A%2F%2Fwww.rtings.com%2Fmonitor%2Freviews%2Fdell%2Fu2718q&PageReferrer=https%3A%2F%2Fwww.rtings.com%2Fmonitor%2Freviews%2Fdell%2Fu2718q&CanonicalUrl=https%3A%2F%2Fwww.rtings.com%2Fmonitor%2Freviews%2Fdell%2Fu2718q' from origin 'https://www.rtings.com' has been blocked by CORS policy: No 'Access-Control-Allow-Origin' header is present on the requested resource. @ https://www.rtings.com/monitor/reviews/dell/u2718q:0
[  249823ms] [ERROR] Failed to load resource: net::ERR_FAILED @ https://hb-api.omnitagjs.com/hb-api/prebid/v1?RefererUrl=https%3A%2F%2Fwww.rtings.com%2Fmonitor%2Freviews%2Fdell%2Fu2718q&PageUrl=https%3A%2F%2Fwww.rtings.com%2Fmonitor%2Freviews%2Fdell%2Fu2718q&PageReferrer=https%3A%2F%2Fwww.rtings.com%2Fmonitor%2Freviews%2Fdell%2Fu2718q&CanonicalUrl=https%3A%2F%2Fwww.rtings.com%2Fmonitor%2Freviews%2Fdell%2Fu2718q:0
[  249934ms] [ERROR] Access to fetch at 'https://hb-api.omnitagjs.com/hb-api/prebid/v1?RefererUrl=https%3A%2F%2Fwww.rtings.com%2Fmonitor%2Freviews%2Fdell%2Fu2718q&PageUrl=https%3A%2F%2Fwww.rtings.com%2Fmonitor%2Freviews%2Fdell%2Fu2718q&PageReferrer=https%3A%2F%2Fwww.rtings.com%2Fmonitor%2Freviews%2Fdell%2Fu2718q&CanonicalUrl=https%3A%2F%2Fwww.rtings.com%2Fmonitor%2Freviews%2Fdell%2Fu2718q' from origin 'https://www.rtings.com' has been blocked by CORS policy: No 'Access-Control-Allow-Origin' header is present on the requested resource. @ https://www.rtings.com/monitor/reviews/dell/u2718q:0
[  249934ms] [ERROR] Failed to load resource: net::ERR_FAILED @ https://hb-api.omnitagjs.com/hb-api/prebid/v1?RefererUrl=https%3A%2F%2Fwww.rtings.com%2Fmonitor%2Freviews%2Fdell%2Fu2718q&PageUrl=https%3A%2F%2Fwww.rtings.com%2Fmonitor%2Freviews%2Fdell%2Fu2718q&PageReferrer=https%3A%2F%2Fwww.rtings.com%2Fmonitor%2Freviews%2Fdell%2Fu2718q&CanonicalUrl=https%3A%2F%2Fwww.rtings.com%2Fmonitor%2Freviews%2Fdell%2Fu2718q:0
[    8312ms] [ERROR] Attestation check for Shared Storage on https://www.googleadservices.com failed. @ https://www.googleadservices.com/pagead/managed/js/activeview/current/reach_worklet.html:0
[    8329ms] [ERROR] Attestation check for Shared Storage on https://www.googleadservices.com failed. @ https://www.googleadservices.com/pagead/managed/js/activeview/current/reach_worklet.html:0
[    8331ms] [ERROR] Attestation check for Shared Storage on https://www.googleadservices.com failed. @ https://www.googleadservices.com/pagead/managed/js/activeview/current/reach_worklet.html:0
[    8332ms] [ERROR] Attestation check for Shared Storage on https://www.googleadservices.com failed. @ https://www.googleadservices.com/pagead/managed/js/activeview/current/reach_worklet.html:0
[    8333ms] [ERROR] Attestation check for Shared Storage on https://www.googleadservices.com failed. @ https://www.googleadservices.com/pagead/managed/js/activeview/current/reach_worklet.html:0
[    8334ms] [ERROR] Attestation check for Shared Storage on https://www.googleadservices.com failed. @ https://www.googleadservices.com/pagead/managed/js/activeview/current/reach_worklet.html:0
[   35267ms] [ERROR] Attestation check for Shared Storage on https://www.googleadservices.com failed. @ https://www.googleadservices.com/pagead/managed/js/activeview/current/reach_worklet.html:0
[   35338ms] [ERROR] Attestation check for Shared Storage on https://www.googleadservices.com failed. @ https://www.googleadservices.com/pagead/managed/js/activeview/current/reach_worklet.html:0
[   35365ms] [ERROR] Attestation check for Shared Storage on https://www.googleadservices.com failed. @ https://www.googleadservices.com/pagead/managed/js/activeview/current/reach_worklet.html:0
[   62196ms] [ERROR] Attestation check for Shared Storage on https://www.googleadservices.com failed. @ https://www.googleadservices.com/pagead/managed/js/activeview/current/reach_worklet.html:0
[   63367ms] [ERROR] Attestation check for Shared Storage on https://www.googleadservices.com failed. @ https://www.googleadservices.com/pagead/managed/js/activeview/current/reach_worklet.html:0
[   63397ms] [ERROR] Attestation check for Shared Storage on https://www.googleadservices.com failed. @ https://www.googleadservices.com/pagead/managed/js/activeview/current/reach_worklet.html:0
[   88960ms] [ERROR] Attestation check for Shared Storage on https://www.googleadservices.com failed. @ https://www.googleadservices.com/pagead/managed/js/activeview/current/reach_worklet.html:0
[   89008ms] [ERROR] Attestation check for Shared Storage on https://www.googleadservices.com failed. @ https://www.googleadservices.com/pagead/managed/js/activeview/current/reach_worklet.html:0
[   89040ms] [ERROR] Attestation check for Shared Storage on https://www.googleadservices.com failed. @ https://www.googleadservices.com/pagead/managed/js/activeview/current/reach_worklet.html:0
[  115398ms] [ERROR] Attestation check for Shared Storage on https://www.googleadservices.com failed. @ https://www.googleadservices.com/pagead/managed/js/activeview/current/reach_worklet.html:0
[  115427ms] [ERROR] Attestation check for Shared Storage on https://www.googleadservices.com failed. @ https://www.googleadservices.com/pagead/managed/js/activeview/current/reach_worklet.html:0
[  118742ms] [ERROR] Attestation check for Shared Storage on https://www.googleadservices.com failed. @ https://www.googleadservices.com/pagead/managed/js/activeview/current/reach_worklet.html:0
[  143464ms] [ERROR] Attestation check for Shared Storage on https://www.googleadservices.com failed. @ https://www.googleadservices.com/pagead/managed/js/activeview/current/reach_worklet.html:0
[  143486ms] [ERROR] Attestation check for Shared Storage on https://www.googleadservices.com failed. @ https://www.googleadservices.com/pagead/managed/js/activeview/current/reach_worklet.html:0
[  143508ms] [ERROR] Attestation check for Shared Storage on https://www.googleadservices.com failed. @ https://www.googleadservices.com/pagead/managed/js/activeview/current/reach_worklet.html:0
[  169791ms] [ERROR] Attestation check for Shared Storage on https://www.googleadservices.com failed. @ https://www.googleadservices.com/pagead/managed/js/activeview/current/reach_worklet.html:0
[  169816ms] [ERROR] Attestation check for Shared Storage on https://www.googleadservices.com failed. @ https://www.googleadservices.com/pagead/managed/js/activeview/current/reach_worklet.html:0
[  171135ms] [ERROR] Attestation check for Shared Storage on https://www.googleadservices.com failed. @ https://www.googleadservices.com/pagead/managed/js/activeview/current/reach_worklet.html:0
[  196541ms] [ERROR] Attestation check for Shared Storage on https://www.googleadservices.com failed. @ https://www.googleadservices.com/pagead/managed/js/activeview/current/reach_worklet.html:0
[  197002ms] [ERROR] Attestation check for Shared Storage on https://www.googleadservices.com failed. @ https://www.googleadservices.com/pagead/managed/js/activeview/current/reach_worklet.html:0
[  197125ms] [ERROR] Attestation check for Shared Storage on https://www.googleadservices.com failed. @ https://www.googleadservices.com/pagead/managed/js/activeview/current/reach_worklet.html:0
[  223584ms] [ERROR] Attestation check for Shared Storage on https://www.googleadservices.com failed. @ https://www.googleadservices.com/pagead/managed/js/activeview/current/reach_worklet.html:0
[  223747ms] [ERROR] Attestation check for Shared Storage on https://www.googleadservices.com failed. @ https://www.googleadservices.com/pagead/managed/js/activeview/current/reach_worklet.html:0
[  223773ms] [ERROR] Attestation check for Shared Storage on https://www.googleadservices.com failed. @ https://www.googleadservices.com/pagead/managed/js/activeview/current/reach_worklet.html:0
[    8312ms] [ERROR] Attestation check for Shared Storage on https://www.googleadservices.com failed. @ https://www.googleadservices.com/pagead/managed/js/activeview/current/reach_worklet.html:0
[    8329ms] [ERROR] Attestation check for Shared Storage on https://www.googleadservices.com failed. @ https://www.googleadservices.com/pagead/managed/js/activeview/current/reach_worklet.html:0
[    8331ms] [ERROR] Attestation check for Shared Storage on https://www.googleadservices.com failed. @ https://www.googleadservices.com/pagead/managed/js/activeview/current/reach_worklet.html:0
[    8332ms] [ERROR] Attestation check for Shared Storage on https://www.googleadservices.com failed. @ https://www.googleadservices.com/pagead/managed/js/activeview/current/reach_worklet.html:0
[    8333ms] [ERROR] Attestation check for Shared Storage on https://www.googleadservices.com failed. @ https://www.googleadservices.com/pagead/managed/js/activeview/current/reach_worklet.html:0
[    8334ms] [ERROR] Attestation check for Shared Storage on https://www.googleadservices.com failed. @ https://www.googleadservices.com/pagead/managed/js/activeview/current/reach_worklet.html:0
[   35267ms] [ERROR] Attestation check for Shared Storage on https://www.googleadservices.com failed. @ https://www.googleadservices.com/pagead/managed/js/activeview/current/reach_worklet.html:0
[   35338ms] [ERROR] Attestation check for Shared Storage on https://www.googleadservices.com failed. @ https://www.googleadservices.com/pagead/managed/js/activeview/current/reach_worklet.html:0
[   35365ms] [ERROR] Attestation check for Shared Storage on https://www.googleadservices.com failed. @ https://www.googleadservices.com/pagead/managed/js/activeview/current/reach_worklet.html:0
[   62196ms] [ERROR] Attestation check for Shared Storage on https://www.googleadservices.com failed. @ https://www.googleadservices.com/pagead/managed/js/activeview/current/reach_worklet.html:0
[   63367ms] [ERROR] Attestation check for Shared Storage on https://www.googleadservices.com failed. @ https://www.googleadservices.com/pagead/managed/js/activeview/current/reach_worklet.html:0
[   63397ms] [ERROR] Attestation check for Shared Storage on https://www.googleadservices.com failed. @ https://www.googleadservices.com/pagead/managed/js/activeview/current/reach_worklet.html:0
[   88960ms] [ERROR] Attestation check for Shared Storage on https://www.googleadservices.com failed. @ https://www.googleadservices.com/pagead/managed/js/activeview/current/reach_worklet.html:0
[   89008ms] [ERROR] Attestation check for Shared Storage on https://www.googleadservices.com failed. @ https://www.googleadservices.com/pagead/managed/js/activeview/current/reach_worklet.html:0
[   89040ms] [ERROR] Attestation check for Shared Storage on https://www.googleadservices.com failed. @ https://www.googleadservices.com/pagead/managed/js/activeview/current/reach_worklet.html:0
[  115398ms] [ERROR] Attestation check for Shared Storage on https://www.googleadservices.com failed. @ https://www.googleadservices.com/pagead/managed/js/activeview/current/reach_worklet.html:0
[  115427ms] [ERROR] Attestation check for Shared Storage on https://www.googleadservices.com failed. @ https://www.googleadservices.com/pagead/managed/js/activeview/current/reach_worklet.html:0
[  118742ms] [ERROR] Attestation check for Shared Storage on https://www.googleadservices.com failed. @ https://www.googleadservices.com/pagead/managed/js/activeview/current/reach_worklet.html:0
[  143464ms] [ERROR] Attestation check for Shared Storage on https://www.googleadservices.com failed. @ https://www.googleadservices.com/pagead/managed/js/activeview/current/reach_worklet.html:0
[  143486ms] [ERROR] Attestation check for Shared Storage on https://www.googleadservices.com failed. @ https://www.googleadservices.com/pagead/managed/js/activeview/current/reach_worklet.html:0
[  143508ms] [ERROR] Attestation check for Shared Storage on https://www.googleadservices.com failed. @ https://www.googleadservices.com/pagead/managed/js/activeview/current/reach_worklet.html:0
[  169791ms] [ERROR] Attestation check for Shared Storage on https://www.googleadservices.com failed. @ https://www.googleadservices.com/pagead/managed/js/activeview/current/reach_worklet.html:0
[  169816ms] [ERROR] Attestation check for Shared Storage on https://www.googleadservices.com failed. @ https://www.googleadservices.com/pagead/managed/js/activeview/current/reach_worklet.html:0
[  171135ms] [ERROR] Attestation check for Shared Storage on https://www.googleadservices.com failed. @ https://www.googleadservices.com/pagead/managed/js/activeview/current/reach_worklet.html:0
[  196541ms] [ERROR] Attestation check for Shared Storage on https://www.googleadservices.com failed. @ https://www.googleadservices.com/pagead/managed/js/activeview/current/reach_worklet.html:0
[  197002ms] [ERROR] Attestation check for Shared Storage on https://www.googleadservices.com failed. @ https://www.googleadservices.com/pagead/managed/js/activeview/current/reach_worklet.html:0
[  197125ms] [ERROR] Attestation check for Shared Storage on https://www.googleadservices.com failed. @ https://www.googleadservices.com/pagead/managed/js/activeview/current/reach_worklet.html:0
[  223584ms] [ERROR] Attestation check for Shared Storage on https://www.googleadservices.com failed. @ https://www.googleadservices.com/pagead/managed/js/activeview/current/reach_worklet.html:0
[  223747ms] [ERROR] Attestation check for Shared Storage on https://www.googleadservices.com failed. @ https://www.googleadservices.com/pagead/managed/js/activeview/current/reach_worklet.html:0
[  223773ms] [ERROR] Attestation check for Shared Storage on https://www.googleadservices.com failed. @ https://www.googleadservices.com/pagead/managed/js/activeview/current/reach_worklet.html:0
[    8312ms] [ERROR] Attestation check for Shared Storage on https://www.googleadservices.com failed. @ https://www.googleadservices.com/pagead/managed/js/activeview/current/reach_worklet.html:0
[    8329ms] [ERROR] Attestation check for Shared Storage on https://www.googleadservices.com failed. @ https://www.googleadservices.com/pagead/managed/js/activeview/current/reach_worklet.html:0
[    8331ms] [ERROR] Attestation check for Shared Storage on https://www.googleadservices.com failed. @ https://www.googleadservices.com/pagead/managed/js/activeview/current/reach_worklet.html:0
[    8332ms] [ERROR] Attestation check for Shared Storage on https://www.googleadservices.com failed. @ https://www.googleadservices.com/pagead/managed/js/activeview/current/reach_worklet.html:0
[    8333ms] [ERROR] Attestation check for Shared Storage on https://www.googleadservices.com failed. @ https://www.googleadservices.com/pagead/managed/js/activeview/current/reach_worklet.html:0
[    8334ms] [ERROR] Attestation check for Shared Storage on https://www.googleadservices.com failed. @ https://www.googleadservices.com/pagead/managed/js/activeview/current/reach_worklet.html:0
[   35267ms] [ERROR] Attestation check for Shared Storage on https://www.googleadservices.com failed. @ https://www.googleadservices.com/pagead/managed/js/activeview/current/reach_worklet.html:0
[   35338ms] [ERROR] Attestation check for Shared Storage on https://www.googleadservices.com failed. @ https://www.googleadservices.com/pagead/managed/js/activeview/current/reach_worklet.html:0
[   35365ms] [ERROR] Attestation check for Shared Storage on https://www.googleadservices.com failed. @ https://www.googleadservices.com/pagead/managed/js/activeview/current/reach_worklet.html:0
[   62196ms] [ERROR] Attestation check for Shared Storage on https://www.googleadservices.com failed. @ https://www.googleadservices.com/pagead/managed/js/activeview/current/reach_worklet.html:0
[   63367ms] [ERROR] Attestation check for Shared Storage on https://www.googleadservices.com failed. @ https://www.googleadservices.com/pagead/managed/js/activeview/current/reach_worklet.html:0
[   63397ms] [ERROR] Attestation check for Shared Storage on https://www.googleadservices.com failed. @ https://www.googleadservices.com/pagead/managed/js/activeview/current/reach_worklet.html:0
[   88960ms] [ERROR] Attestation check for Shared Storage on https://www.googleadservices.com failed. @ https://www.googleadservices.com/pagead/managed/js/activeview/current/reach_worklet.html:0
[   89008ms] [ERROR] Attestation check for Shared Storage on https://www.googleadservices.com failed. @ https://www.googleadservices.com/pagead/managed/js/activeview/current/reach_worklet.html:0
[   89040ms] [ERROR] Attestation check for Shared Storage on https://www.googleadservices.com failed. @ https://www.googleadservices.com/pagead/managed/js/activeview/current/reach_worklet.html:0
[  115398ms] [ERROR] Attestation check for Shared Storage on https://www.googleadservices.com failed. @ https://www.googleadservices.com/pagead/managed/js/activeview/current/reach_worklet.html:0
[  115427ms] [ERROR] Attestation check for Shared Storage on https://www.googleadservices.com failed. @ https://www.googleadservices.com/pagead/managed/js/activeview/current/reach_worklet.html:0
[  118742ms] [ERROR] Attestation check for Shared Storage on https://www.googleadservices.com failed. @ https://www.googleadservices.com/pagead/managed/js/activeview/current/reach_worklet.html:0
[  143464ms] [ERROR] Attestation check for Shared Storage on https://www.googleadservices.com failed. @ https://www.googleadservices.com/pagead/managed/js/activeview/current/reach_worklet.html:0
[  143486ms] [ERROR] Attestation check for Shared Storage on https://www.googleadservices.com failed. @ https://www.googleadservices.com/pagead/managed/js/activeview/current/reach_worklet.html:0
[  143508ms] [ERROR] Attestation check for Shared Storage on https://www.googleadservices.com failed. @ https://www.googleadservices.com/pagead/managed/js/activeview/current/reach_worklet.html:0
[  169791ms] [ERROR] Attestation check for Shared Storage on https://www.googleadservices.com failed. @ https://www.googleadservices.com/pagead/managed/js/activeview/current/reach_worklet.html:0
[  169816ms] [ERROR] Attestation check for Shared Storage on https://www.googleadservices.com failed. @ https://www.googleadservices.com/pagead/managed/js/activeview/current/reach_worklet.html:0
[  171135ms] [ERROR] Attestation check for Shared Storage on https://www.googleadservices.com failed. @ https://www.googleadservices.com/pagead/managed/js/activeview/current/reach_worklet.html:0
[  196541ms] [ERROR] Attestation check for Shared Storage on https://www.googleadservices.com failed. @ https://www.googleadservices.com/pagead/managed/js/activeview/current/reach_worklet.html:0
[  197002ms] [ERROR] Attestation check for Shared Storage on https://www.googleadservices.com failed. @ https://www.googleadservices.com/pagead/managed/js/activeview/current/reach_worklet.html:0
[  197125ms] [ERROR] Attestation check for Shared Storage on https://www.googleadservices.com failed. @ https://www.googleadservices.com/pagead/managed/js/activeview/current/reach_worklet.html:0
[  223584ms] [ERROR] Attestation check for Shared Storage on https://www.googleadservices.com failed. @ https://www.googleadservices.com/pagead/managed/js/activeview/current/reach_worklet.html:0
[  223747ms] [ERROR] Attestation check for Shared Storage on https://www.googleadservices.com failed. @ https://www.googleadservices.com/pagead/managed/js/activeview/current/reach_worklet.html:0
[  223773ms] [ERROR] Attestation check for Shared Storage on https://www.googleadservices.com failed. @ https://www.googleadservices.com/pagead/managed/js/activeview/current/reach_worklet.html:0
[  251087ms] [ERROR] Attestation check for Shared Storage on https://www.googleadservices.com failed. @ https://www.googleadservices.com/pagead/managed/js/activeview/current/reach_worklet.html:0
[  251117ms] [ERROR] Attestation check for Shared Storage on https://www.googleadservices.com failed. @ https://www.googleadservices.com/pagead/managed/js/activeview/current/reach_worklet.html:0
[  251138ms] [ERROR] Attestation check for Shared Storage on https://www.googleadservices.com failed. @ https://www.googleadservices.com/pagead/managed/js/activeview/current/reach_worklet.html:0
[  275972ms] [ERROR] Failed to load resource: net::ERR_CONNECTION_REFUSED @ https://ssc.33across.com/api/v1/hb?guid=btGMK4vGGr8BLMrkHcnlKl:0
[  275973ms] [ERROR] Failed to load resource: net::ERR_CONNECTION_REFUSED @ https://rt.marphezis.com/hb:0
[  275974ms] [ERROR] Failed to load resource: net::ERR_CONNECTION_REFUSED @ https://rt.marphezis.com/prebid/error:0
[  276198ms] [ERROR] Access to fetch at 'https://hb.yellowblue.io/hb-multi' from origin 'https://www.rtings.com' has been blocked by CORS policy: No 'Access-Control-Allow-Origin' header is present on the requested resource. @ https://www.rtings.com/monitor/reviews/dell/u2718q:0
[  276198ms] [ERROR] Failed to load resource: net::ERR_FAILED @ https://hb.yellowblue.io/hb-multi:0
[  276199ms] [ERROR] Failed to load resource: net::ERR_CONNECTION_REFUSED @ https://rt.marphezis.com/hb:0
[  276200ms] [ERROR] Failed to load resource: net::ERR_CONNECTION_REFUSED @ https://ssc.33across.com/api/v1/hb?guid=btGMK4vGGr8BLMrkHcnlKl:0
[  276234ms] [ERROR] Failed to load resource: net::ERR_CONNECTION_REFUSED @ https://rt.marphezis.com/prebid/error:0
[  276234ms] [ERROR] Failed to load resource: net::ERR_CONNECTION_REFUSED @ https://rt.marphezis.com/hb:0
[  276236ms] [ERROR] Failed to load resource: net::ERR_CONNECTION_REFUSED @ https://ssc.33across.com/api/v1/hb?guid=btGMK4vGGr8BLMrkHcnlKl:0
[  276237ms] [ERROR] Failed to load resource: net::ERR_CONNECTION_REFUSED @ https://rt.marphezis.com/prebid/error:0
[  276629ms] [ERROR] Access to fetch at 'https://hb-api.omnitagjs.com/hb-api/prebid/v1?RefererUrl=https%3A%2F%2Fwww.rtings.com%2Fmonitor%2Freviews%2Fdell%2Fu2718q&PageUrl=https%3A%2F%2Fwww.rtings.com%2Fmonitor%2Freviews%2Fdell%2Fu2718q&PageReferrer=https%3A%2F%2Fwww.rtings.com%2Fmonitor%2Freviews%2Fdell%2Fu2718q&CanonicalUrl=https%3A%2F%2Fwww.rtings.com%2Fmonitor%2Freviews%2Fdell%2Fu2718q' from origin 'https://www.rtings.com' has been blocked by CORS policy: No 'Access-Control-Allow-Origin' header is present on the requested resource. @ https://www.rtings.com/monitor/reviews/dell/u2718q:0
[  276629ms] [ERROR] Failed to load resource: net::ERR_FAILED @ https://hb-api.omnitagjs.com/hb-api/prebid/v1?RefererUrl=https%3A%2F%2Fwww.rtings.com%2Fmonitor%2Freviews%2Fdell%2Fu2718q&PageUrl=https%3A%2F%2Fwww.rtings.com%2Fmonitor%2Freviews%2Fdell%2Fu2718q&PageReferrer=https%3A%2F%2Fwww.rtings.com%2Fmonitor%2Freviews%2Fdell%2Fu2718q&CanonicalUrl=https%3A%2F%2Fwww.rtings.com%2Fmonitor%2Freviews%2Fdell%2Fu2718q:0
[  276874ms] [ERROR] Access to fetch at 'https://hb-api.omnitagjs.com/hb-api/prebid/v1?RefererUrl=https%3A%2F%2Fwww.rtings.com%2Fmonitor%2Freviews%2Fdell%2Fu2718q&PageUrl=https%3A%2F%2Fwww.rtings.com%2Fmonitor%2Freviews%2Fdell%2Fu2718q&PageReferrer=https%3A%2F%2Fwww.rtings.com%2Fmonitor%2Freviews%2Fdell%2Fu2718q&CanonicalUrl=https%3A%2F%2Fwww.rtings.com%2Fmonitor%2Freviews%2Fdell%2Fu2718q' from origin 'https://www.rtings.com' has been blocked by CORS policy: No 'Access-Control-Allow-Origin' header is present on the requested resource. @ https://www.rtings.com/monitor/reviews/dell/u2718q:0
[  276874ms] [ERROR] Failed to load resource: net::ERR_FAILED @ https://hb-api.omnitagjs.com/hb-api/prebid/v1?RefererUrl=https%3A%2F%2Fwww.rtings.com%2Fmonitor%2Freviews%2Fdell%2Fu2718q&PageUrl=https%3A%2F%2Fwww.rtings.com%2Fmonitor%2Freviews%2Fdell%2Fu2718q&PageReferrer=https%3A%2F%2Fwww.rtings.com%2Fmonitor%2Freviews%2Fdell%2Fu2718q&CanonicalUrl=https%3A%2F%2Fwww.rtings.com%2Fmonitor%2Freviews%2Fdell%2Fu2718q:0
[  276922ms] [ERROR] Access to fetch at 'https://hb-api.omnitagjs.com/hb-api/prebid/v1?RefererUrl=https%3A%2F%2Fwww.rtings.com%2Fmonitor%2Freviews%2Fdell%2Fu2718q&PageUrl=https%3A%2F%2Fwww.rtings.com%2Fmonitor%2Freviews%2Fdell%2Fu2718q&PageReferrer=https%3A%2F%2Fwww.rtings.com%2Fmonitor%2Freviews%2Fdell%2Fu2718q&CanonicalUrl=https%3A%2F%2Fwww.rtings.com%2Fmonitor%2Freviews%2Fdell%2Fu2718q' from origin 'https://www.rtings.com' has been blocked by CORS policy: No 'Access-Control-Allow-Origin' header is present on the requested resource. @ https://www.rtings.com/monitor/reviews/dell/u2718q:0
[  276922ms] [ERROR] Failed to load resource: net::ERR_FAILED @ https://hb-api.omnitagjs.com/hb-api/prebid/v1?RefererUrl=https%3A%2F%2Fwww.rtings.com%2Fmonitor%2Freviews%2Fdell%2Fu2718q&PageUrl=https%3A%2F%2Fwww.rtings.com%2Fmonitor%2Freviews%2Fdell%2Fu2718q&PageReferrer=https%3A%2F%2Fwww.rtings.com%2Fmonitor%2Freviews%2Fdell%2Fu2718q&CanonicalUrl=https%3A%2F%2Fwww.rtings.com%2Fmonitor%2Freviews%2Fdell%2Fu2718q:0
[    8312ms] [ERROR] Attestation check for Shared Storage on https://www.googleadservices.com failed. @ https://www.googleadservices.com/pagead/managed/js/activeview/current/reach_worklet.html:0
[    8329ms] [ERROR] Attestation check for Shared Storage on https://www.googleadservices.com failed. @ https://www.googleadservices.com/pagead/managed/js/activeview/current/reach_worklet.html:0
[    8331ms] [ERROR] Attestation check for Shared Storage on https://www.googleadservices.com failed. @ https://www.googleadservices.com/pagead/managed/js/activeview/current/reach_worklet.html:0
[    8332ms] [ERROR] Attestation check for Shared Storage on https://www.googleadservices.com failed. @ https://www.googleadservices.com/pagead/managed/js/activeview/current/reach_worklet.html:0
[    8333ms] [ERROR] Attestation check for Shared Storage on https://www.googleadservices.com failed. @ https://www.googleadservices.com/pagead/managed/js/activeview/current/reach_worklet.html:0
[    8334ms] [ERROR] Attestation check for Shared Storage on https://www.googleadservices.com failed. @ https://www.googleadservices.com/pagead/managed/js/activeview/current/reach_worklet.html:0
[   35267ms] [ERROR] Attestation check for Shared Storage on https://www.googleadservices.com failed. @ https://www.googleadservices.com/pagead/managed/js/activeview/current/reach_worklet.html:0
[   35338ms] [ERROR] Attestation check for Shared Storage on https://www.googleadservices.com failed. @ https://www.googleadservices.com/pagead/managed/js/activeview/current/reach_worklet.html:0
[   35365ms] [ERROR] Attestation check for Shared Storage on https://www.googleadservices.com failed. @ https://www.googleadservices.com/pagead/managed/js/activeview/current/reach_worklet.html:0
[   62196ms] [ERROR] Attestation check for Shared Storage on https://www.googleadservices.com failed. @ https://www.googleadservices.com/pagead/managed/js/activeview/current/reach_worklet.html:0
[   63367ms] [ERROR] Attestation check for Shared Storage on https://www.googleadservices.com failed. @ https://www.googleadservices.com/pagead/managed/js/activeview/current/reach_worklet.html:0
[   63397ms] [ERROR] Attestation check for Shared Storage on https://www.googleadservices.com failed. @ https://www.googleadservices.com/pagead/managed/js/activeview/current/reach_worklet.html:0
[   88960ms] [ERROR] Attestation check for Shared Storage on https://www.googleadservices.com failed. @ https://www.googleadservices.com/pagead/managed/js/activeview/current/reach_worklet.html:0
[   89008ms] [ERROR] Attestation check for Shared Storage on https://www.googleadservices.com failed. @ https://www.googleadservices.com/pagead/managed/js/activeview/current/reach_worklet.html:0
[   89040ms] [ERROR] Attestation check for Shared Storage on https://www.googleadservices.com failed. @ https://www.googleadservices.com/pagead/managed/js/activeview/current/reach_worklet.html:0
[  115398ms] [ERROR] Attestation check for Shared Storage on https://www.googleadservices.com failed. @ https://www.googleadservices.com/pagead/managed/js/activeview/current/reach_worklet.html:0
[  115427ms] [ERROR] Attestation check for Shared Storage on https://www.googleadservices.com failed. @ https://www.googleadservices.com/pagead/managed/js/activeview/current/reach_worklet.html:0
[  118742ms] [ERROR] Attestation check for Shared Storage on https://www.googleadservices.com failed. @ https://www.googleadservices.com/pagead/managed/js/activeview/current/reach_worklet.html:0
[  143464ms] [ERROR] Attestation check for Shared Storage on https://www.googleadservices.com failed. @ https://www.googleadservices.com/pagead/managed/js/activeview/current/reach_worklet.html:0
[  143486ms] [ERROR] Attestation check for Shared Storage on https://www.googleadservices.com failed. @ https://www.googleadservices.com/pagead/managed/js/activeview/current/reach_worklet.html:0
[  143508ms] [ERROR] Attestation check for Shared Storage on https://www.googleadservices.com failed. @ https://www.googleadservices.com/pagead/managed/js/activeview/current/reach_worklet.html:0
[  169791ms] [ERROR] Attestation check for Shared Storage on https://www.googleadservices.com failed. @ https://www.googleadservices.com/pagead/managed/js/activeview/current/reach_worklet.html:0
[  169816ms] [ERROR] Attestation check for Shared Storage on https://www.googleadservices.com failed. @ https://www.googleadservices.com/pagead/managed/js/activeview/current/reach_worklet.html:0
[  171135ms] [ERROR] Attestation check for Shared Storage on https://www.googleadservices.com failed. @ https://www.googleadservices.com/pagead/managed/js/activeview/current/reach_worklet.html:0
[  196541ms] [ERROR] Attestation check for Shared Storage on https://www.googleadservices.com failed. @ https://www.googleadservices.com/pagead/managed/js/activeview/current/reach_worklet.html:0
[  197002ms] [ERROR] Attestation check for Shared Storage on https://www.googleadservices.com failed. @ https://www.googleadservices.com/pagead/managed/js/activeview/current/reach_worklet.html:0
[  197125ms] [ERROR] Attestation check for Shared Storage on https://www.googleadservices.com failed. @ https://www.googleadservices.com/pagead/managed/js/activeview/current/reach_worklet.html:0
[  223584ms] [ERROR] Attestation check for Shared Storage on https://www.googleadservices.com failed. @ https://www.googleadservices.com/pagead/managed/js/activeview/current/reach_worklet.html:0
[  223747ms] [ERROR] Attestation check for Shared Storage on https://www.googleadservices.com failed. @ https://www.googleadservices.com/pagead/managed/js/activeview/current/reach_worklet.html:0
[  223773ms] [ERROR] Attestation check for Shared Storage on https://www.googleadservices.com failed. @ https://www.googleadservices.com/pagead/managed/js/activeview/current/reach_worklet.html:0
[  251087ms] [ERROR] Attestation check for Shared Storage on https://www.googleadservices.com failed. @ https://www.googleadservices.com/pagead/managed/js/activeview/current/reach_worklet.html:0
[  251117ms] [ERROR] Attestation check for Shared Storage on https://www.googleadservices.com failed. @ https://www.googleadservices.com/pagead/managed/js/activeview/current/reach_worklet.html:0
[  251138ms] [ERROR] Attestation check for Shared Storage on https://www.googleadservices.com failed. @ https://www.googleadservices.com/pagead/managed/js/activeview/current/reach_worklet.html:0
[  277158ms] [ERROR] Attestation check for Shared Storage on https://www.googleadservices.com failed. @ https://www.googleadservices.com/pagead/managed/js/activeview/current/reach_worklet.html:0
[    8312ms] [ERROR] Attestation check for Shared Storage on https://www.googleadservices.com failed. @ https://www.googleadservices.com/pagead/managed/js/activeview/current/reach_worklet.html:0
[    8329ms] [ERROR] Attestation check for Shared Storage on https://www.googleadservices.com failed. @ https://www.googleadservices.com/pagead/managed/js/activeview/current/reach_worklet.html:0
[    8331ms] [ERROR] Attestation check for Shared Storage on https://www.googleadservices.com failed. @ https://www.googleadservices.com/pagead/managed/js/activeview/current/reach_worklet.html:0
[    8332ms] [ERROR] Attestation check for Shared Storage on https://www.googleadservices.com failed. @ https://www.googleadservices.com/pagead/managed/js/activeview/current/reach_worklet.html:0
[    8333ms] [ERROR] Attestation check for Shared Storage on https://www.googleadservices.com failed. @ https://www.googleadservices.com/pagead/managed/js/activeview/current/reach_worklet.html:0
[    8334ms] [ERROR] Attestation check for Shared Storage on https://www.googleadservices.com failed. @ https://www.googleadservices.com/pagead/managed/js/activeview/current/reach_worklet.html:0
[   35267ms] [ERROR] Attestation check for Shared Storage on https://www.googleadservices.com failed. @ https://www.googleadservices.com/pagead/managed/js/activeview/current/reach_worklet.html:0
[   35338ms] [ERROR] Attestation check for Shared Storage on https://www.googleadservices.com failed. @ https://www.googleadservices.com/pagead/managed/js/activeview/current/reach_worklet.html:0
[   35365ms] [ERROR] Attestation check for Shared Storage on https://www.googleadservices.com failed. @ https://www.googleadservices.com/pagead/managed/js/activeview/current/reach_worklet.html:0
[   62196ms] [ERROR] Attestation check for Shared Storage on https://www.googleadservices.com failed. @ https://www.googleadservices.com/pagead/managed/js/activeview/current/reach_worklet.html:0
[   63367ms] [ERROR] Attestation check for Shared Storage on https://www.googleadservices.com failed. @ https://www.googleadservices.com/pagead/managed/js/activeview/current/reach_worklet.html:0
[   63397ms] [ERROR] Attestation check for Shared Storage on https://www.googleadservices.com failed. @ https://www.googleadservices.com/pagead/managed/js/activeview/current/reach_worklet.html:0
[   88960ms] [ERROR] Attestation check for Shared Storage on https://www.googleadservices.com failed. @ https://www.googleadservices.com/pagead/managed/js/activeview/current/reach_worklet.html:0
[   89008ms] [ERROR] Attestation check for Shared Storage on https://www.googleadservices.com failed. @ https://www.googleadservices.com/pagead/managed/js/activeview/current/reach_worklet.html:0
[   89040ms] [ERROR] Attestation check for Shared Storage on https://www.googleadservices.com failed. @ https://www.googleadservices.com/pagead/managed/js/activeview/current/reach_worklet.html:0
[  115398ms] [ERROR] Attestation check for Shared Storage on https://www.googleadservices.com failed. @ https://www.googleadservices.com/pagead/managed/js/activeview/current/reach_worklet.html:0
[  115427ms] [ERROR] Attestation check for Shared Storage on https://www.googleadservices.com failed. @ https://www.googleadservices.com/pagead/managed/js/activeview/current/reach_worklet.html:0
[  118742ms] [ERROR] Attestation check for Shared Storage on https://www.googleadservices.com failed. @ https://www.googleadservices.com/pagead/managed/js/activeview/current/reach_worklet.html:0
[  143464ms] [ERROR] Attestation check for Shared Storage on https://www.googleadservices.com failed. @ https://www.googleadservices.com/pagead/managed/js/activeview/current/reach_worklet.html:0
[  143486ms] [ERROR] Attestation check for Shared Storage on https://www.googleadservices.com failed. @ https://www.googleadservices.com/pagead/managed/js/activeview/current/reach_worklet.html:0
[  143508ms] [ERROR] Attestation check for Shared Storage on https://www.googleadservices.com failed. @ https://www.googleadservices.com/pagead/managed/js/activeview/current/reach_worklet.html:0
[  169791ms] [ERROR] Attestation check for Shared Storage on https://www.googleadservices.com failed. @ https://www.googleadservices.com/pagead/managed/js/activeview/current/reach_worklet.html:0
[  169816ms] [ERROR] Attestation check for Shared Storage on https://www.googleadservices.com failed. @ https://www.googleadservices.com/pagead/managed/js/activeview/current/reach_worklet.html:0
[  171135ms] [ERROR] Attestation check for Shared Storage on https://www.googleadservices.com failed. @ https://www.googleadservices.com/pagead/managed/js/activeview/current/reach_worklet.html:0
[  196541ms] [ERROR] Attestation check for Shared Storage on https://www.googleadservices.com failed. @ https://www.googleadservices.com/pagead/managed/js/activeview/current/reach_worklet.html:0
[  197002ms] [ERROR] Attestation check for Shared Storage on https://www.googleadservices.com failed. @ https://www.googleadservices.com/pagead/managed/js/activeview/current/reach_worklet.html:0
[  197125ms] [ERROR] Attestation check for Shared Storage on https://www.googleadservices.com failed. @ https://www.googleadservices.com/pagead/managed/js/activeview/current/reach_worklet.html:0
[  223584ms] [ERROR] Attestation check for Shared Storage on https://www.googleadservices.com failed. @ https://www.googleadservices.com/pagead/managed/js/activeview/current/reach_worklet.html:0
[  223747ms] [ERROR] Attestation check for Shared Storage on https://www.googleadservices.com failed. @ https://www.googleadservices.com/pagead/managed/js/activeview/current/reach_worklet.html:0
[  223773ms] [ERROR] Attestation check for Shared Storage on https://www.googleadservices.com failed. @ https://www.googleadservices.com/pagead/managed/js/activeview/current/reach_worklet.html:0
[  251087ms] [ERROR] Attestation check for Shared Storage on https://www.googleadservices.com failed. @ https://www.googleadservices.com/pagead/managed/js/activeview/current/reach_worklet.html:0
[  251117ms] [ERROR] Attestation check for Shared Storage on https://www.googleadservices.com failed. @ https://www.googleadservices.com/pagead/managed/js/activeview/current/reach_worklet.html:0
[  251138ms] [ERROR] Attestation check for Shared Storage on https://www.googleadservices.com failed. @ https://www.googleadservices.com/pagead/managed/js/activeview/current/reach_worklet.html:0
[  277158ms] [ERROR] Attestation check for Shared Storage on https://www.googleadservices.com failed. @ https://www.googleadservices.com/pagead/managed/js/activeview/current/reach_worklet.html:0
[  277567ms] [ERROR] Attestation check for Shared Storage on https://www.googleadservices.com failed. @ https://www.googleadservices.com/pagead/managed/js/activeview/current/reach_worklet.html:0
[    8312ms] [ERROR] Attestation check for Shared Storage on https://www.googleadservices.com failed. @ https://www.googleadservices.com/pagead/managed/js/activeview/current/reach_worklet.html:0
[    8329ms] [ERROR] Attestation check for Shared Storage on https://www.googleadservices.com failed. @ https://www.googleadservices.com/pagead/managed/js/activeview/current/reach_worklet.html:0
[    8331ms] [ERROR] Attestation check for Shared Storage on https://www.googleadservices.com failed. @ https://www.googleadservices.com/pagead/managed/js/activeview/current/reach_worklet.html:0
[    8332ms] [ERROR] Attestation check for Shared Storage on https://www.googleadservices.com failed. @ https://www.googleadservices.com/pagead/managed/js/activeview/current/reach_worklet.html:0
[    8333ms] [ERROR] Attestation check for Shared Storage on https://www.googleadservices.com failed. @ https://www.googleadservices.com/pagead/managed/js/activeview/current/reach_worklet.html:0
[    8334ms] [ERROR] Attestation check for Shared Storage on https://www.googleadservices.com failed. @ https://www.googleadservices.com/pagead/managed/js/activeview/current/reach_worklet.html:0
[   35267ms] [ERROR] Attestation check for Shared Storage on https://www.googleadservices.com failed. @ https://www.googleadservices.com/pagead/managed/js/activeview/current/reach_worklet.html:0
[   35338ms] [ERROR] Attestation check for Shared Storage on https://www.googleadservices.com failed. @ https://www.googleadservices.com/pagead/managed/js/activeview/current/reach_worklet.html:0
[   35365ms] [ERROR] Attestation check for Shared Storage on https://www.googleadservices.com failed. @ https://www.googleadservices.com/pagead/managed/js/activeview/current/reach_worklet.html:0
[   62196ms] [ERROR] Attestation check for Shared Storage on https://www.googleadservices.com failed. @ https://www.googleadservices.com/pagead/managed/js/activeview/current/reach_worklet.html:0
[   63367ms] [ERROR] Attestation check for Shared Storage on https://www.googleadservices.com failed. @ https://www.googleadservices.com/pagead/managed/js/activeview/current/reach_worklet.html:0
[   63397ms] [ERROR] Attestation check for Shared Storage on https://www.googleadservices.com failed. @ https://www.googleadservices.com/pagead/managed/js/activeview/current/reach_worklet.html:0
[   88960ms] [ERROR] Attestation check for Shared Storage on https://www.googleadservices.com failed. @ https://www.googleadservices.com/pagead/managed/js/activeview/current/reach_worklet.html:0
[   89008ms] [ERROR] Attestation check for Shared Storage on https://www.googleadservices.com failed. @ https://www.googleadservices.com/pagead/managed/js/activeview/current/reach_worklet.html:0
[   89040ms] [ERROR] Attestation check for Shared Storage on https://www.googleadservices.com failed. @ https://www.googleadservices.com/pagead/managed/js/activeview/current/reach_worklet.html:0
[  115398ms] [ERROR] Attestation check for Shared Storage on https://www.googleadservices.com failed. @ https://www.googleadservices.com/pagead/managed/js/activeview/current/reach_worklet.html:0
[  115427ms] [ERROR] Attestation check for Shared Storage on https://www.googleadservices.com failed. @ https://www.googleadservices.com/pagead/managed/js/activeview/current/reach_worklet.html:0
[  118742ms] [ERROR] Attestation check for Shared Storage on https://www.googleadservices.com failed. @ https://www.googleadservices.com/pagead/managed/js/activeview/current/reach_worklet.html:0
[  143464ms] [ERROR] Attestation check for Shared Storage on https://www.googleadservices.com failed. @ https://www.googleadservices.com/pagead/managed/js/activeview/current/reach_worklet.html:0
[  143486ms] [ERROR] Attestation check for Shared Storage on https://www.googleadservices.com failed. @ https://www.googleadservices.com/pagead/managed/js/activeview/current/reach_worklet.html:0
[  143508ms] [ERROR] Attestation check for Shared Storage on https://www.googleadservices.com failed. @ https://www.googleadservices.com/pagead/managed/js/activeview/current/reach_worklet.html:0
[  169791ms] [ERROR] Attestation check for Shared Storage on https://www.googleadservices.com failed. @ https://www.googleadservices.com/pagead/managed/js/activeview/current/reach_worklet.html:0
[  169816ms] [ERROR] Attestation check for Shared Storage on https://www.googleadservices.com failed. @ https://www.googleadservices.com/pagead/managed/js/activeview/current/reach_worklet.html:0
[  171135ms] [ERROR] Attestation check for Shared Storage on https://www.googleadservices.com failed. @ https://www.googleadservices.com/pagead/managed/js/activeview/current/reach_worklet.html:0
[  196541ms] [ERROR] Attestation check for Shared Storage on https://www.googleadservices.com failed. @ https://www.googleadservices.com/pagead/managed/js/activeview/current/reach_worklet.html:0
[  197002ms] [ERROR] Attestation check for Shared Storage on https://www.googleadservices.com failed. @ https://www.googleadservices.com/pagead/managed/js/activeview/current/reach_worklet.html:0
[  197125ms] [ERROR] Attestation check for Shared Storage on https://www.googleadservices.com failed. @ https://www.googleadservices.com/pagead/managed/js/activeview/current/reach_worklet.html:0
[  223584ms] [ERROR] Attestation check for Shared Storage on https://www.googleadservices.com failed. @ https://www.googleadservices.com/pagead/managed/js/activeview/current/reach_worklet.html:0
[  223747ms] [ERROR] Attestation check for Shared Storage on https://www.googleadservices.com failed. @ https://www.googleadservices.com/pagead/managed/js/activeview/current/reach_worklet.html:0
[  223773ms] [ERROR] Attestation check for Shared Storage on https://www.googleadservices.com failed. @ https://www.googleadservices.com/pagead/managed/js/activeview/current/reach_worklet.html:0
[  251087ms] [ERROR] Attestation check for Shared Storage on https://www.googleadservices.com failed. @ https://www.googleadservices.com/pagead/managed/js/activeview/current/reach_worklet.html:0
[  251117ms] [ERROR] Attestation check for Shared Storage on https://www.googleadservices.com failed. @ https://www.googleadservices.com/pagead/managed/js/activeview/current/reach_worklet.html:0
[  251138ms] [ERROR] Attestation check for Shared Storage on https://www.googleadservices.com failed. @ https://www.googleadservices.com/pagead/managed/js/activeview/current/reach_worklet.html:0
[  277158ms] [ERROR] Attestation check for Shared Storage on https://www.googleadservices.com failed. @ https://www.googleadservices.com/pagead/managed/js/activeview/current/reach_worklet.html:0
[  277567ms] [ERROR] Attestation check for Shared Storage on https://www.googleadservices.com failed. @ https://www.googleadservices.com/pagead/managed/js/activeview/current/reach_worklet.html:0
[  277974ms] [ERROR] Attestation check for Shared Storage on https://www.googleadservices.com failed. @ https://www.googleadservices.com/pagead/managed/js/activeview/current/reach_worklet.html:0
[  302965ms] [ERROR] Failed to load resource: net::ERR_CONNECTION_REFUSED @ https://ssc.33across.com/api/v1/hb?guid=btGMK4vGGr8BLMrkHcnlKl:0
[  302966ms] [ERROR] Failed to load resource: net::ERR_CONNECTION_REFUSED @ https://rt.marphezis.com/hb:0
[  302986ms] [ERROR] Failed to load resource: net::ERR_CONNECTION_REFUSED @ https://rt.marphezis.com/prebid/error:0
[  303189ms] [ERROR] Failed to load resource: net::ERR_CONNECTION_REFUSED @ https://rt.marphezis.com/hb:0
[  303190ms] [ERROR] Failed to load resource: net::ERR_CONNECTION_REFUSED @ https://ssc.33across.com/api/v1/hb?guid=btGMK4vGGr8BLMrkHcnlKl:0
[  303192ms] [ERROR] Failed to load resource: net::ERR_CONNECTION_REFUSED @ https://rt.marphezis.com/prebid/error:0
[  303233ms] [ERROR] Failed to load resource: net::ERR_CONNECTION_REFUSED @ https://ssc.33across.com/api/v1/hb?guid=btGMK4vGGr8BLMrkHcnlKl:0
[  303233ms] [ERROR] Failed to load resource: net::ERR_CONNECTION_REFUSED @ https://rt.marphezis.com/hb:0
[  303234ms] [ERROR] Failed to load resource: net::ERR_CONNECTION_REFUSED @ https://rt.marphezis.com/prebid/error:0
[  303646ms] [ERROR] Access to fetch at 'https://hb-api.omnitagjs.com/hb-api/prebid/v1?RefererUrl=https%3A%2F%2Fwww.rtings.com%2Fmonitor%2Freviews%2Fdell%2Fu2718q&PageUrl=https%3A%2F%2Fwww.rtings.com%2Fmonitor%2Freviews%2Fdell%2Fu2718q&PageReferrer=https%3A%2F%2Fwww.rtings.com%2Fmonitor%2Freviews%2Fdell%2Fu2718q&CanonicalUrl=https%3A%2F%2Fwww.rtings.com%2Fmonitor%2Freviews%2Fdell%2Fu2718q' from origin 'https://www.rtings.com' has been blocked by CORS policy: No 'Access-Control-Allow-Origin' header is present on the requested resource. @ https://www.rtings.com/monitor/reviews/dell/u2718q:0
[  303646ms] [ERROR] Failed to load resource: net::ERR_FAILED @ https://hb-api.omnitagjs.com/hb-api/prebid/v1?RefererUrl=https%3A%2F%2Fwww.rtings.com%2Fmonitor%2Freviews%2Fdell%2Fu2718q&PageUrl=https%3A%2F%2Fwww.rtings.com%2Fmonitor%2Freviews%2Fdell%2Fu2718q&PageReferrer=https%3A%2F%2Fwww.rtings.com%2Fmonitor%2Freviews%2Fdell%2Fu2718q&CanonicalUrl=https%3A%2F%2Fwww.rtings.com%2Fmonitor%2Freviews%2Fdell%2Fu2718q:0
[  303876ms] [ERROR] Access to fetch at 'https://hb-api.omnitagjs.com/hb-api/prebid/v1?RefererUrl=https%3A%2F%2Fwww.rtings.com%2Fmonitor%2Freviews%2Fdell%2Fu2718q&PageUrl=https%3A%2F%2Fwww.rtings.com%2Fmonitor%2Freviews%2Fdell%2Fu2718q&PageReferrer=https%3A%2F%2Fwww.rtings.com%2Fmonitor%2Freviews%2Fdell%2Fu2718q&CanonicalUrl=https%3A%2F%2Fwww.rtings.com%2Fmonitor%2Freviews%2Fdell%2Fu2718q' from origin 'https://www.rtings.com' has been blocked by CORS policy: No 'Access-Control-Allow-Origin' header is present on the requested resource. @ https://www.rtings.com/monitor/reviews/dell/u2718q:0
[  303876ms] [ERROR] Failed to load resource: net::ERR_FAILED @ https://hb-api.omnitagjs.com/hb-api/prebid/v1?RefererUrl=https%3A%2F%2Fwww.rtings.com%2Fmonitor%2Freviews%2Fdell%2Fu2718q&PageUrl=https%3A%2F%2Fwww.rtings.com%2Fmonitor%2Freviews%2Fdell%2Fu2718q&PageReferrer=https%3A%2F%2Fwww.rtings.com%2Fmonitor%2Freviews%2Fdell%2Fu2718q&CanonicalUrl=https%3A%2F%2Fwww.rtings.com%2Fmonitor%2Freviews%2Fdell%2Fu2718q:0
[  303889ms] [ERROR] Access to fetch at 'https://hb-api.omnitagjs.com/hb-api/prebid/v1?RefererUrl=https%3A%2F%2Fwww.rtings.com%2Fmonitor%2Freviews%2Fdell%2Fu2718q&PageUrl=https%3A%2F%2Fwww.rtings.com%2Fmonitor%2Freviews%2Fdell%2Fu2718q&PageReferrer=https%3A%2F%2Fwww.rtings.com%2Fmonitor%2Freviews%2Fdell%2Fu2718q&CanonicalUrl=https%3A%2F%2Fwww.rtings.com%2Fmonitor%2Freviews%2Fdell%2Fu2718q' from origin 'https://www.rtings.com' has been blocked by CORS policy: No 'Access-Control-Allow-Origin' header is present on the requested resource. @ https://www.rtings.com/monitor/reviews/dell/u2718q:0
[  303889ms] [ERROR] Failed to load resource: net::ERR_FAILED @ https://hb-api.omnitagjs.com/hb-api/prebid/v1?RefererUrl=https%3A%2F%2Fwww.rtings.com%2Fmonitor%2Freviews%2Fdell%2Fu2718q&PageUrl=https%3A%2F%2Fwww.rtings.com%2Fmonitor%2Freviews%2Fdell%2Fu2718q&PageReferrer=https%3A%2F%2Fwww.rtings.com%2Fmonitor%2Freviews%2Fdell%2Fu2718q&CanonicalUrl=https%3A%2F%2Fwww.rtings.com%2Fmonitor%2Freviews%2Fdell%2Fu2718q:0
[    8312ms] [ERROR] Attestation check for Shared Storage on https://www.googleadservices.com failed. @ https://www.googleadservices.com/pagead/managed/js/activeview/current/reach_worklet.html:0
[    8329ms] [ERROR] Attestation check for Shared Storage on https://www.googleadservices.com failed. @ https://www.googleadservices.com/pagead/managed/js/activeview/current/reach_worklet.html:0
[    8331ms] [ERROR] Attestation check for Shared Storage on https://www.googleadservices.com failed. @ https://www.googleadservices.com/pagead/managed/js/activeview/current/reach_worklet.html:0
[    8332ms] [ERROR] Attestation check for Shared Storage on https://www.googleadservices.com failed. @ https://www.googleadservices.com/pagead/managed/js/activeview/current/reach_worklet.html:0
[    8333ms] [ERROR] Attestation check for Shared Storage on https://www.googleadservices.com failed. @ https://www.googleadservices.com/pagead/managed/js/activeview/current/reach_worklet.html:0
[    8334ms] [ERROR] Attestation check for Shared Storage on https://www.googleadservices.com failed. @ https://www.googleadservices.com/pagead/managed/js/activeview/current/reach_worklet.html:0
[   35267ms] [ERROR] Attestation check for Shared Storage on https://www.googleadservices.com failed. @ https://www.googleadservices.com/pagead/managed/js/activeview/current/reach_worklet.html:0
[   35338ms] [ERROR] Attestation check for Shared Storage on https://www.googleadservices.com failed. @ https://www.googleadservices.com/pagead/managed/js/activeview/current/reach_worklet.html:0
[   35365ms] [ERROR] Attestation check for Shared Storage on https://www.googleadservices.com failed. @ https://www.googleadservices.com/pagead/managed/js/activeview/current/reach_worklet.html:0
[   62196ms] [ERROR] Attestation check for Shared Storage on https://www.googleadservices.com failed. @ https://www.googleadservices.com/pagead/managed/js/activeview/current/reach_worklet.html:0
[   63367ms] [ERROR] Attestation check for Shared Storage on https://www.googleadservices.com failed. @ https://www.googleadservices.com/pagead/managed/js/activeview/current/reach_worklet.html:0
[   63397ms] [ERROR] Attestation check for Shared Storage on https://www.googleadservices.com failed. @ https://www.googleadservices.com/pagead/managed/js/activeview/current/reach_worklet.html:0
[   88960ms] [ERROR] Attestation check for Shared Storage on https://www.googleadservices.com failed. @ https://www.googleadservices.com/pagead/managed/js/activeview/current/reach_worklet.html:0
[   89008ms] [ERROR] Attestation check for Shared Storage on https://www.googleadservices.com failed. @ https://www.googleadservices.com/pagead/managed/js/activeview/current/reach_worklet.html:0
[   89040ms] [ERROR] Attestation check for Shared Storage on https://www.googleadservices.com failed. @ https://www.googleadservices.com/pagead/managed/js/activeview/current/reach_worklet.html:0
[  115398ms] [ERROR] Attestation check for Shared Storage on https://www.googleadservices.com failed. @ https://www.googleadservices.com/pagead/managed/js/activeview/current/reach_worklet.html:0
[  115427ms] [ERROR] Attestation check for Shared Storage on https://www.googleadservices.com failed. @ https://www.googleadservices.com/pagead/managed/js/activeview/current/reach_worklet.html:0
[  118742ms] [ERROR] Attestation check for Shared Storage on https://www.googleadservices.com failed. @ https://www.googleadservices.com/pagead/managed/js/activeview/current/reach_worklet.html:0
[  143464ms] [ERROR] Attestation check for Shared Storage on https://www.googleadservices.com failed. @ https://www.googleadservices.com/pagead/managed/js/activeview/current/reach_worklet.html:0
[  143486ms] [ERROR] Attestation check for Shared Storage on https://www.googleadservices.com failed. @ https://www.googleadservices.com/pagead/managed/js/activeview/current/reach_worklet.html:0
[  143508ms] [ERROR] Attestation check for Shared Storage on https://www.googleadservices.com failed. @ https://www.googleadservices.com/pagead/managed/js/activeview/current/reach_worklet.html:0
[  169791ms] [ERROR] Attestation check for Shared Storage on https://www.googleadservices.com failed. @ https://www.googleadservices.com/pagead/managed/js/activeview/current/reach_worklet.html:0
[  169816ms] [ERROR] Attestation check for Shared Storage on https://www.googleadservices.com failed. @ https://www.googleadservices.com/pagead/managed/js/activeview/current/reach_worklet.html:0
[  171135ms] [ERROR] Attestation check for Shared Storage on https://www.googleadservices.com failed. @ https://www.googleadservices.com/pagead/managed/js/activeview/current/reach_worklet.html:0
[  196541ms] [ERROR] Attestation check for Shared Storage on https://www.googleadservices.com failed. @ https://www.googleadservices.com/pagead/managed/js/activeview/current/reach_worklet.html:0
[  197002ms] [ERROR] Attestation check for Shared Storage on https://www.googleadservices.com failed. @ https://www.googleadservices.com/pagead/managed/js/activeview/current/reach_worklet.html:0
[  197125ms] [ERROR] Attestation check for Shared Storage on https://www.googleadservices.com failed. @ https://www.googleadservices.com/pagead/managed/js/activeview/current/reach_worklet.html:0
[  223584ms] [ERROR] Attestation check for Shared Storage on https://www.googleadservices.com failed. @ https://www.googleadservices.com/pagead/managed/js/activeview/current/reach_worklet.html:0
[  223747ms] [ERROR] Attestation check for Shared Storage on https://www.googleadservices.com failed. @ https://www.googleadservices.com/pagead/managed/js/activeview/current/reach_worklet.html:0
[  223773ms] [ERROR] Attestation check for Shared Storage on https://www.googleadservices.com failed. @ https://www.googleadservices.com/pagead/managed/js/activeview/current/reach_worklet.html:0
[  251087ms] [ERROR] Attestation check for Shared Storage on https://www.googleadservices.com failed. @ https://www.googleadservices.com/pagead/managed/js/activeview/current/reach_worklet.html:0
[  251117ms] [ERROR] Attestation check for Shared Storage on https://www.googleadservices.com failed. @ https://www.googleadservices.com/pagead/managed/js/activeview/current/reach_worklet.html:0
[  251138ms] [ERROR] Attestation check for Shared Storage on https://www.googleadservices.com failed. @ https://www.googleadservices.com/pagead/managed/js/activeview/current/reach_worklet.html:0
[  277158ms] [ERROR] Attestation check for Shared Storage on https://www.googleadservices.com failed. @ https://www.googleadservices.com/pagead/managed/js/activeview/current/reach_worklet.html:0
[  277567ms] [ERROR] Attestation check for Shared Storage on https://www.googleadservices.com failed. @ https://www.googleadservices.com/pagead/managed/js/activeview/current/reach_worklet.html:0
[  277974ms] [ERROR] Attestation check for Shared Storage on https://www.googleadservices.com failed. @ https://www.googleadservices.com/pagead/managed/js/activeview/current/reach_worklet.html:0
[    8312ms] [ERROR] Attestation check for Shared Storage on https://www.googleadservices.com failed. @ https://www.googleadservices.com/pagead/managed/js/activeview/current/reach_worklet.html:0
[    8329ms] [ERROR] Attestation check for Shared Storage on https://www.googleadservices.com failed. @ https://www.googleadservices.com/pagead/managed/js/activeview/current/reach_worklet.html:0
[    8331ms] [ERROR] Attestation check for Shared Storage on https://www.googleadservices.com failed. @ https://www.googleadservices.com/pagead/managed/js/activeview/current/reach_worklet.html:0
[    8332ms] [ERROR] Attestation check for Shared Storage on https://www.googleadservices.com failed. @ https://www.googleadservices.com/pagead/managed/js/activeview/current/reach_worklet.html:0
[    8333ms] [ERROR] Attestation check for Shared Storage on https://www.googleadservices.com failed. @ https://www.googleadservices.com/pagead/managed/js/activeview/current/reach_worklet.html:0
[    8334ms] [ERROR] Attestation check for Shared Storage on https://www.googleadservices.com failed. @ https://www.googleadservices.com/pagead/managed/js/activeview/current/reach_worklet.html:0
[   35267ms] [ERROR] Attestation check for Shared Storage on https://www.googleadservices.com failed. @ https://www.googleadservices.com/pagead/managed/js/activeview/current/reach_worklet.html:0
[   35338ms] [ERROR] Attestation check for Shared Storage on https://www.googleadservices.com failed. @ https://www.googleadservices.com/pagead/managed/js/activeview/current/reach_worklet.html:0
[   35365ms] [ERROR] Attestation check for Shared Storage on https://www.googleadservices.com failed. @ https://www.googleadservices.com/pagead/managed/js/activeview/current/reach_worklet.html:0
[   62196ms] [ERROR] Attestation check for Shared Storage on https://www.googleadservices.com failed. @ https://www.googleadservices.com/pagead/managed/js/activeview/current/reach_worklet.html:0
[   63367ms] [ERROR] Attestation check for Shared Storage on https://www.googleadservices.com failed. @ https://www.googleadservices.com/pagead/managed/js/activeview/current/reach_worklet.html:0
[   63397ms] [ERROR] Attestation check for Shared Storage on https://www.googleadservices.com failed. @ https://www.googleadservices.com/pagead/managed/js/activeview/current/reach_worklet.html:0
[   88960ms] [ERROR] Attestation check for Shared Storage on https://www.googleadservices.com failed. @ https://www.googleadservices.com/pagead/managed/js/activeview/current/reach_worklet.html:0
[   89008ms] [ERROR] Attestation check for Shared Storage on https://www.googleadservices.com failed. @ https://www.googleadservices.com/pagead/managed/js/activeview/current/reach_worklet.html:0
[   89040ms] [ERROR] Attestation check for Shared Storage on https://www.googleadservices.com failed. @ https://www.googleadservices.com/pagead/managed/js/activeview/current/reach_worklet.html:0
[  115398ms] [ERROR] Attestation check for Shared Storage on https://www.googleadservices.com failed. @ https://www.googleadservices.com/pagead/managed/js/activeview/current/reach_worklet.html:0
[  115427ms] [ERROR] Attestation check for Shared Storage on https://www.googleadservices.com failed. @ https://www.googleadservices.com/pagead/managed/js/activeview/current/reach_worklet.html:0
[  118742ms] [ERROR] Attestation check for Shared Storage on https://www.googleadservices.com failed. @ https://www.googleadservices.com/pagead/managed/js/activeview/current/reach_worklet.html:0
[  143464ms] [ERROR] Attestation check for Shared Storage on https://www.googleadservices.com failed. @ https://www.googleadservices.com/pagead/managed/js/activeview/current/reach_worklet.html:0
[  143486ms] [ERROR] Attestation check for Shared Storage on https://www.googleadservices.com failed. @ https://www.googleadservices.com/pagead/managed/js/activeview/current/reach_worklet.html:0
[  143508ms] [ERROR] Attestation check for Shared Storage on https://www.googleadservices.com failed. @ https://www.googleadservices.com/pagead/managed/js/activeview/current/reach_worklet.html:0
[  169791ms] [ERROR] Attestation check for Shared Storage on https://www.googleadservices.com failed. @ https://www.googleadservices.com/pagead/managed/js/activeview/current/reach_worklet.html:0
[  169816ms] [ERROR] Attestation check for Shared Storage on https://www.googleadservices.com failed. @ https://www.googleadservices.com/pagead/managed/js/activeview/current/reach_worklet.html:0
[  171135ms] [ERROR] Attestation check for Shared Storage on https://www.googleadservices.com failed. @ https://www.googleadservices.com/pagead/managed/js/activeview/current/reach_worklet.html:0
[  196541ms] [ERROR] Attestation check for Shared Storage on https://www.googleadservices.com failed. @ https://www.googleadservices.com/pagead/managed/js/activeview/current/reach_worklet.html:0
[  197002ms] [ERROR] Attestation check for Shared Storage on https://www.googleadservices.com failed. @ https://www.googleadservices.com/pagead/managed/js/activeview/current/reach_worklet.html:0
[  197125ms] [ERROR] Attestation check for Shared Storage on https://www.googleadservices.com failed. @ https://www.googleadservices.com/pagead/managed/js/activeview/current/reach_worklet.html:0
[  223584ms] [ERROR] Attestation check for Shared Storage on https://www.googleadservices.com failed. @ https://www.googleadservices.com/pagead/managed/js/activeview/current/reach_worklet.html:0
[  223747ms] [ERROR] Attestation check for Shared Storage on https://www.googleadservices.com failed. @ https://www.googleadservices.com/pagead/managed/js/activeview/current/reach_worklet.html:0
[  223773ms] [ERROR] Attestation check for Shared Storage on https://www.googleadservices.com failed. @ https://www.googleadservices.com/pagead/managed/js/activeview/current/reach_worklet.html:0
[  251087ms] [ERROR] Attestation check for Shared Storage on https://www.googleadservices.com failed. @ https://www.googleadservices.com/pagead/managed/js/activeview/current/reach_worklet.html:0
[  251117ms] [ERROR] Attestation check for Shared Storage on https://www.googleadservices.com failed. @ https://www.googleadservices.com/pagead/managed/js/activeview/current/reach_worklet.html:0
[  251138ms] [ERROR] Attestation check for Shared Storage on https://www.googleadservices.com failed. @ https://www.googleadservices.com/pagead/managed/js/activeview/current/reach_worklet.html:0
[  277158ms] [ERROR] Attestation check for Shared Storage on https://www.googleadservices.com failed. @ https://www.googleadservices.com/pagead/managed/js/activeview/current/reach_worklet.html:0
[  277567ms] [ERROR] Attestation check for Shared Storage on https://www.googleadservices.com failed. @ https://www.googleadservices.com/pagead/managed/js/activeview/current/reach_worklet.html:0
[  277974ms] [ERROR] Attestation check for Shared Storage on https://www.googleadservices.com failed. @ https://www.googleadservices.com/pagead/managed/js/activeview/current/reach_worklet.html:0
[  304693ms] [ERROR] Attestation check for Shared Storage on https://www.googleadservices.com failed. @ https://www.googleadservices.com/pagead/managed/js/activeview/current/reach_worklet.html:0
[  304776ms] [ERROR] Attestation check for Shared Storage on https://www.googleadservices.com failed. @ https://www.googleadservices.com/pagead/managed/js/activeview/current/reach_worklet.html:0
[    8312ms] [ERROR] Attestation check for Shared Storage on https://www.googleadservices.com failed. @ https://www.googleadservices.com/pagead/managed/js/activeview/current/reach_worklet.html:0
[    8329ms] [ERROR] Attestation check for Shared Storage on https://www.googleadservices.com failed. @ https://www.googleadservices.com/pagead/managed/js/activeview/current/reach_worklet.html:0
[    8331ms] [ERROR] Attestation check for Shared Storage on https://www.googleadservices.com failed. @ https://www.googleadservices.com/pagead/managed/js/activeview/current/reach_worklet.html:0
[    8332ms] [ERROR] Attestation check for Shared Storage on https://www.googleadservices.com failed. @ https://www.googleadservices.com/pagead/managed/js/activeview/current/reach_worklet.html:0
[    8333ms] [ERROR] Attestation check for Shared Storage on https://www.googleadservices.com failed. @ https://www.googleadservices.com/pagead/managed/js/activeview/current/reach_worklet.html:0
[    8334ms] [ERROR] Attestation check for Shared Storage on https://www.googleadservices.com failed. @ https://www.googleadservices.com/pagead/managed/js/activeview/current/reach_worklet.html:0
[   35267ms] [ERROR] Attestation check for Shared Storage on https://www.googleadservices.com failed. @ https://www.googleadservices.com/pagead/managed/js/activeview/current/reach_worklet.html:0
[   35338ms] [ERROR] Attestation check for Shared Storage on https://www.googleadservices.com failed. @ https://www.googleadservices.com/pagead/managed/js/activeview/current/reach_worklet.html:0
[   35365ms] [ERROR] Attestation check for Shared Storage on https://www.googleadservices.com failed. @ https://www.googleadservices.com/pagead/managed/js/activeview/current/reach_worklet.html:0
[   62196ms] [ERROR] Attestation check for Shared Storage on https://www.googleadservices.com failed. @ https://www.googleadservices.com/pagead/managed/js/activeview/current/reach_worklet.html:0
[   63367ms] [ERROR] Attestation check for Shared Storage on https://www.googleadservices.com failed. @ https://www.googleadservices.com/pagead/managed/js/activeview/current/reach_worklet.html:0
[   63397ms] [ERROR] Attestation check for Shared Storage on https://www.googleadservices.com failed. @ https://www.googleadservices.com/pagead/managed/js/activeview/current/reach_worklet.html:0
[   88960ms] [ERROR] Attestation check for Shared Storage on https://www.googleadservices.com failed. @ https://www.googleadservices.com/pagead/managed/js/activeview/current/reach_worklet.html:0
[   89008ms] [ERROR] Attestation check for Shared Storage on https://www.googleadservices.com failed. @ https://www.googleadservices.com/pagead/managed/js/activeview/current/reach_worklet.html:0
[   89040ms] [ERROR] Attestation check for Shared Storage on https://www.googleadservices.com failed. @ https://www.googleadservices.com/pagead/managed/js/activeview/current/reach_worklet.html:0
[  115398ms] [ERROR] Attestation check for Shared Storage on https://www.googleadservices.com failed. @ https://www.googleadservices.com/pagead/managed/js/activeview/current/reach_worklet.html:0
[  115427ms] [ERROR] Attestation check for Shared Storage on https://www.googleadservices.com failed. @ https://www.googleadservices.com/pagead/managed/js/activeview/current/reach_worklet.html:0
[  118742ms] [ERROR] Attestation check for Shared Storage on https://www.googleadservices.com failed. @ https://www.googleadservices.com/pagead/managed/js/activeview/current/reach_worklet.html:0
[  143464ms] [ERROR] Attestation check for Shared Storage on https://www.googleadservices.com failed. @ https://www.googleadservices.com/pagead/managed/js/activeview/current/reach_worklet.html:0
[  143486ms] [ERROR] Attestation check for Shared Storage on https://www.googleadservices.com failed. @ https://www.googleadservices.com/pagead/managed/js/activeview/current/reach_worklet.html:0
[  143508ms] [ERROR] Attestation check for Shared Storage on https://www.googleadservices.com failed. @ https://www.googleadservices.com/pagead/managed/js/activeview/current/reach_worklet.html:0
[  169791ms] [ERROR] Attestation check for Shared Storage on https://www.googleadservices.com failed. @ https://www.googleadservices.com/pagead/managed/js/activeview/current/reach_worklet.html:0
[  169816ms] [ERROR] Attestation check for Shared Storage on https://www.googleadservices.com failed. @ https://www.googleadservices.com/pagead/managed/js/activeview/current/reach_worklet.html:0
[  171135ms] [ERROR] Attestation check for Shared Storage on https://www.googleadservices.com failed. @ https://www.googleadservices.com/pagead/managed/js/activeview/current/reach_worklet.html:0
[  196541ms] [ERROR] Attestation check for Shared Storage on https://www.googleadservices.com failed. @ https://www.googleadservices.com/pagead/managed/js/activeview/current/reach_worklet.html:0
[  197002ms] [ERROR] Attestation check for Shared Storage on https://www.googleadservices.com failed. @ https://www.googleadservices.com/pagead/managed/js/activeview/current/reach_worklet.html:0
[  197125ms] [ERROR] Attestation check for Shared Storage on https://www.googleadservices.com failed. @ https://www.googleadservices.com/pagead/managed/js/activeview/current/reach_worklet.html:0
[  223584ms] [ERROR] Attestation check for Shared Storage on https://www.googleadservices.com failed. @ https://www.googleadservices.com/pagead/managed/js/activeview/current/reach_worklet.html:0
[  223747ms] [ERROR] Attestation check for Shared Storage on https://www.googleadservices.com failed. @ https://www.googleadservices.com/pagead/managed/js/activeview/current/reach_worklet.html:0
[  223773ms] [ERROR] Attestation check for Shared Storage on https://www.googleadservices.com failed. @ https://www.googleadservices.com/pagead/managed/js/activeview/current/reach_worklet.html:0
[  251087ms] [ERROR] Attestation check for Shared Storage on https://www.googleadservices.com failed. @ https://www.googleadservices.com/pagead/managed/js/activeview/current/reach_worklet.html:0
[  251117ms] [ERROR] Attestation check for Shared Storage on https://www.googleadservices.com failed. @ https://www.googleadservices.com/pagead/managed/js/activeview/current/reach_worklet.html:0
[  251138ms] [ERROR] Attestation check for Shared Storage on https://www.googleadservices.com failed. @ https://www.googleadservices.com/pagead/managed/js/activeview/current/reach_worklet.html:0
[  277158ms] [ERROR] Attestation check for Shared Storage on https://www.googleadservices.com failed. @ https://www.googleadservices.com/pagead/managed/js/activeview/current/reach_worklet.html:0
[  277567ms] [ERROR] Attestation check for Shared Storage on https://www.googleadservices.com failed. @ https://www.googleadservices.com/pagead/managed/js/activeview/current/reach_worklet.html:0
[  277974ms] [ERROR] Attestation check for Shared Storage on https://www.googleadservices.com failed. @ https://www.googleadservices.com/pagead/managed/js/activeview/current/reach_worklet.html:0
[  304693ms] [ERROR] Attestation check for Shared Storage on https://www.googleadservices.com failed. @ https://www.googleadservices.com/pagead/managed/js/activeview/current/reach_worklet.html:0
[  304776ms] [ERROR] Attestation check for Shared Storage on https://www.googleadservices.com failed. @ https://www.googleadservices.com/pagead/managed/js/activeview/current/reach_worklet.html:0
[  304836ms] [ERROR] Attestation check for Shared Storage on https://www.googleadservices.com failed. @ https://www.googleadservices.com/pagead/managed/js/activeview/current/reach_worklet.html:0
[  329970ms] [ERROR] Failed to load resource: net::ERR_CONNECTION_REFUSED @ https://ssc.33across.com/api/v1/hb?guid=btGMK4vGGr8BLMrkHcnlKl:0
[  330068ms] [ERROR] Failed to load resource: net::ERR_CONNECTION_REFUSED @ https://rt.marphezis.com/hb:0
[  330076ms] [ERROR] Failed to load resource: net::ERR_CONNECTION_REFUSED @ https://rt.marphezis.com/prebid/error:0
[  330193ms] [ERROR] Failed to load resource: net::ERR_CONNECTION_REFUSED @ https://rt.marphezis.com/hb:0
[  330194ms] [ERROR] Failed to load resource: net::ERR_CONNECTION_REFUSED @ https://ssc.33across.com/api/v1/hb?guid=btGMK4vGGr8BLMrkHcnlKl:0
[  330195ms] [ERROR] Failed to load resource: net::ERR_CONNECTION_REFUSED @ https://rt.marphezis.com/prebid/error:0
[  330237ms] [ERROR] Failed to load resource: net::ERR_CONNECTION_REFUSED @ https://rt.marphezis.com/hb:0
[  330237ms] [ERROR] Failed to load resource: net::ERR_CONNECTION_REFUSED @ https://ssc.33across.com/api/v1/hb?guid=btGMK4vGGr8BLMrkHcnlKl:0
[  330238ms] [ERROR] Failed to load resource: net::ERR_CONNECTION_REFUSED @ https://rt.marphezis.com/prebid/error:0
[  330859ms] [ERROR] Access to fetch at 'https://hb-api.omnitagjs.com/hb-api/prebid/v1?RefererUrl=https%3A%2F%2Fwww.rtings.com%2Fmonitor%2Freviews%2Fdell%2Fu2718q&PageUrl=https%3A%2F%2Fwww.rtings.com%2Fmonitor%2Freviews%2Fdell%2Fu2718q&PageReferrer=https%3A%2F%2Fwww.rtings.com%2Fmonitor%2Freviews%2Fdell%2Fu2718q&CanonicalUrl=https%3A%2F%2Fwww.rtings.com%2Fmonitor%2Freviews%2Fdell%2Fu2718q' from origin 'https://www.rtings.com' has been blocked by CORS policy: No 'Access-Control-Allow-Origin' header is present on the requested resource. @ https://www.rtings.com/monitor/reviews/dell/u2718q:0
[  330859ms] [ERROR] Failed to load resource: net::ERR_FAILED @ https://hb-api.omnitagjs.com/hb-api/prebid/v1?RefererUrl=https%3A%2F%2Fwww.rtings.com%2Fmonitor%2Freviews%2Fdell%2Fu2718q&PageUrl=https%3A%2F%2Fwww.rtings.com%2Fmonitor%2Freviews%2Fdell%2Fu2718q&PageReferrer=https%3A%2F%2Fwww.rtings.com%2Fmonitor%2Freviews%2Fdell%2Fu2718q&CanonicalUrl=https%3A%2F%2Fwww.rtings.com%2Fmonitor%2Freviews%2Fdell%2Fu2718q:0
[  330914ms] [ERROR] Access to fetch at 'https://hb-api.omnitagjs.com/hb-api/prebid/v1?RefererUrl=https%3A%2F%2Fwww.rtings.com%2Fmonitor%2Freviews%2Fdell%2Fu2718q&PageUrl=https%3A%2F%2Fwww.rtings.com%2Fmonitor%2Freviews%2Fdell%2Fu2718q&PageReferrer=https%3A%2F%2Fwww.rtings.com%2Fmonitor%2Freviews%2Fdell%2Fu2718q&CanonicalUrl=https%3A%2F%2Fwww.rtings.com%2Fmonitor%2Freviews%2Fdell%2Fu2718q' from origin 'https://www.rtings.com' has been blocked by CORS policy: No 'Access-Control-Allow-Origin' header is present on the requested resource. @ https://www.rtings.com/monitor/reviews/dell/u2718q:0
[  330915ms] [ERROR] Failed to load resource: net::ERR_FAILED @ https://hb-api.omnitagjs.com/hb-api/prebid/v1?RefererUrl=https%3A%2F%2Fwww.rtings.com%2Fmonitor%2Freviews%2Fdell%2Fu2718q&PageUrl=https%3A%2F%2Fwww.rtings.com%2Fmonitor%2Freviews%2Fdell%2Fu2718q&PageReferrer=https%3A%2F%2Fwww.rtings.com%2Fmonitor%2Freviews%2Fdell%2Fu2718q&CanonicalUrl=https%3A%2F%2Fwww.rtings.com%2Fmonitor%2Freviews%2Fdell%2Fu2718q:0
[  330963ms] [ERROR] Access to fetch at 'https://hb-api.omnitagjs.com/hb-api/prebid/v1?RefererUrl=https%3A%2F%2Fwww.rtings.com%2Fmonitor%2Freviews%2Fdell%2Fu2718q&PageUrl=https%3A%2F%2Fwww.rtings.com%2Fmonitor%2Freviews%2Fdell%2Fu2718q&PageReferrer=https%3A%2F%2Fwww.rtings.com%2Fmonitor%2Freviews%2Fdell%2Fu2718q&CanonicalUrl=https%3A%2F%2Fwww.rtings.com%2Fmonitor%2Freviews%2Fdell%2Fu2718q' from origin 'https://www.rtings.com' has been blocked by CORS policy: No 'Access-Control-Allow-Origin' header is present on the requested resource. @ https://www.rtings.com/monitor/reviews/dell/u2718q:0
[  330963ms] [ERROR] Failed to load resource: net::ERR_FAILED @ https://hb-api.omnitagjs.com/hb-api/prebid/v1?RefererUrl=https%3A%2F%2Fwww.rtings.com%2Fmonitor%2Freviews%2Fdell%2Fu2718q&PageUrl=https%3A%2F%2Fwww.rtings.com%2Fmonitor%2Freviews%2Fdell%2Fu2718q&PageReferrer=https%3A%2F%2Fwww.rtings.com%2Fmonitor%2Freviews%2Fdell%2Fu2718q&CanonicalUrl=https%3A%2F%2Fwww.rtings.com%2Fmonitor%2Freviews%2Fdell%2Fu2718q:0
[    8312ms] [ERROR] Attestation check for Shared Storage on https://www.googleadservices.com failed. @ https://www.googleadservices.com/pagead/managed/js/activeview/current/reach_worklet.html:0
[    8329ms] [ERROR] Attestation check for Shared Storage on https://www.googleadservices.com failed. @ https://www.googleadservices.com/pagead/managed/js/activeview/current/reach_worklet.html:0
[    8331ms] [ERROR] Attestation check for Shared Storage on https://www.googleadservices.com failed. @ https://www.googleadservices.com/pagead/managed/js/activeview/current/reach_worklet.html:0
[    8332ms] [ERROR] Attestation check for Shared Storage on https://www.googleadservices.com failed. @ https://www.googleadservices.com/pagead/managed/js/activeview/current/reach_worklet.html:0
[    8333ms] [ERROR] Attestation check for Shared Storage on https://www.googleadservices.com failed. @ https://www.googleadservices.com/pagead/managed/js/activeview/current/reach_worklet.html:0
[    8334ms] [ERROR] Attestation check for Shared Storage on https://www.googleadservices.com failed. @ https://www.googleadservices.com/pagead/managed/js/activeview/current/reach_worklet.html:0
[   35267ms] [ERROR] Attestation check for Shared Storage on https://www.googleadservices.com failed. @ https://www.googleadservices.com/pagead/managed/js/activeview/current/reach_worklet.html:0
[   35338ms] [ERROR] Attestation check for Shared Storage on https://www.googleadservices.com failed. @ https://www.googleadservices.com/pagead/managed/js/activeview/current/reach_worklet.html:0
[   35365ms] [ERROR] Attestation check for Shared Storage on https://www.googleadservices.com failed. @ https://www.googleadservices.com/pagead/managed/js/activeview/current/reach_worklet.html:0
[   62196ms] [ERROR] Attestation check for Shared Storage on https://www.googleadservices.com failed. @ https://www.googleadservices.com/pagead/managed/js/activeview/current/reach_worklet.html:0
[   63367ms] [ERROR] Attestation check for Shared Storage on https://www.googleadservices.com failed. @ https://www.googleadservices.com/pagead/managed/js/activeview/current/reach_worklet.html:0
[   63397ms] [ERROR] Attestation check for Shared Storage on https://www.googleadservices.com failed. @ https://www.googleadservices.com/pagead/managed/js/activeview/current/reach_worklet.html:0
[   88960ms] [ERROR] Attestation check for Shared Storage on https://www.googleadservices.com failed. @ https://www.googleadservices.com/pagead/managed/js/activeview/current/reach_worklet.html:0
[   89008ms] [ERROR] Attestation check for Shared Storage on https://www.googleadservices.com failed. @ https://www.googleadservices.com/pagead/managed/js/activeview/current/reach_worklet.html:0
[   89040ms] [ERROR] Attestation check for Shared Storage on https://www.googleadservices.com failed. @ https://www.googleadservices.com/pagead/managed/js/activeview/current/reach_worklet.html:0
[  115398ms] [ERROR] Attestation check for Shared Storage on https://www.googleadservices.com failed. @ https://www.googleadservices.com/pagead/managed/js/activeview/current/reach_worklet.html:0
[  115427ms] [ERROR] Attestation check for Shared Storage on https://www.googleadservices.com failed. @ https://www.googleadservices.com/pagead/managed/js/activeview/current/reach_worklet.html:0
[  118742ms] [ERROR] Attestation check for Shared Storage on https://www.googleadservices.com failed. @ https://www.googleadservices.com/pagead/managed/js/activeview/current/reach_worklet.html:0
[  143464ms] [ERROR] Attestation check for Shared Storage on https://www.googleadservices.com failed. @ https://www.googleadservices.com/pagead/managed/js/activeview/current/reach_worklet.html:0
[  143486ms] [ERROR] Attestation check for Shared Storage on https://www.googleadservices.com failed. @ https://www.googleadservices.com/pagead/managed/js/activeview/current/reach_worklet.html:0
[  143508ms] [ERROR] Attestation check for Shared Storage on https://www.googleadservices.com failed. @ https://www.googleadservices.com/pagead/managed/js/activeview/current/reach_worklet.html:0
[  169791ms] [ERROR] Attestation check for Shared Storage on https://www.googleadservices.com failed. @ https://www.googleadservices.com/pagead/managed/js/activeview/current/reach_worklet.html:0
[  169816ms] [ERROR] Attestation check for Shared Storage on https://www.googleadservices.com failed. @ https://www.googleadservices.com/pagead/managed/js/activeview/current/reach_worklet.html:0
[  171135ms] [ERROR] Attestation check for Shared Storage on https://www.googleadservices.com failed. @ https://www.googleadservices.com/pagead/managed/js/activeview/current/reach_worklet.html:0
[  196541ms] [ERROR] Attestation check for Shared Storage on https://www.googleadservices.com failed. @ https://www.googleadservices.com/pagead/managed/js/activeview/current/reach_worklet.html:0
[  197002ms] [ERROR] Attestation check for Shared Storage on https://www.googleadservices.com failed. @ https://www.googleadservices.com/pagead/managed/js/activeview/current/reach_worklet.html:0
[  197125ms] [ERROR] Attestation check for Shared Storage on https://www.googleadservices.com failed. @ https://www.googleadservices.com/pagead/managed/js/activeview/current/reach_worklet.html:0
[  223584ms] [ERROR] Attestation check for Shared Storage on https://www.googleadservices.com failed. @ https://www.googleadservices.com/pagead/managed/js/activeview/current/reach_worklet.html:0
[  223747ms] [ERROR] Attestation check for Shared Storage on https://www.googleadservices.com failed. @ https://www.googleadservices.com/pagead/managed/js/activeview/current/reach_worklet.html:0
[  223773ms] [ERROR] Attestation check for Shared Storage on https://www.googleadservices.com failed. @ https://www.googleadservices.com/pagead/managed/js/activeview/current/reach_worklet.html:0
[  251087ms] [ERROR] Attestation check for Shared Storage on https://www.googleadservices.com failed. @ https://www.googleadservices.com/pagead/managed/js/activeview/current/reach_worklet.html:0
[  251117ms] [ERROR] Attestation check for Shared Storage on https://www.googleadservices.com failed. @ https://www.googleadservices.com/pagead/managed/js/activeview/current/reach_worklet.html:0
[  251138ms] [ERROR] Attestation check for Shared Storage on https://www.googleadservices.com failed. @ https://www.googleadservices.com/pagead/managed/js/activeview/current/reach_worklet.html:0
[  277158ms] [ERROR] Attestation check for Shared Storage on https://www.googleadservices.com failed. @ https://www.googleadservices.com/pagead/managed/js/activeview/current/reach_worklet.html:0
[  277567ms] [ERROR] Attestation check for Shared Storage on https://www.googleadservices.com failed. @ https://www.googleadservices.com/pagead/managed/js/activeview/current/reach_worklet.html:0
[  277974ms] [ERROR] Attestation check for Shared Storage on https://www.googleadservices.com failed. @ https://www.googleadservices.com/pagead/managed/js/activeview/current/reach_worklet.html:0
[  304693ms] [ERROR] Attestation check for Shared Storage on https://www.googleadservices.com failed. @ https://www.googleadservices.com/pagead/managed/js/activeview/current/reach_worklet.html:0
[  304776ms] [ERROR] Attestation check for Shared Storage on https://www.googleadservices.com failed. @ https://www.googleadservices.com/pagead/managed/js/activeview/current/reach_worklet.html:0
[  304836ms] [ERROR] Attestation check for Shared Storage on https://www.googleadservices.com failed. @ https://www.googleadservices.com/pagead/managed/js/activeview/current/reach_worklet.html:0
[    8312ms] [ERROR] Attestation check for Shared Storage on https://www.googleadservices.com failed. @ https://www.googleadservices.com/pagead/managed/js/activeview/current/reach_worklet.html:0
[    8329ms] [ERROR] Attestation check for Shared Storage on https://www.googleadservices.com failed. @ https://www.googleadservices.com/pagead/managed/js/activeview/current/reach_worklet.html:0
[    8331ms] [ERROR] Attestation check for Shared Storage on https://www.googleadservices.com failed. @ https://www.googleadservices.com/pagead/managed/js/activeview/current/reach_worklet.html:0
[    8332ms] [ERROR] Attestation check for Shared Storage on https://www.googleadservices.com failed. @ https://www.googleadservices.com/pagead/managed/js/activeview/current/reach_worklet.html:0
[    8333ms] [ERROR] Attestation check for Shared Storage on https://www.googleadservices.com failed. @ https://www.googleadservices.com/pagead/managed/js/activeview/current/reach_worklet.html:0
[    8334ms] [ERROR] Attestation check for Shared Storage on https://www.googleadservices.com failed. @ https://www.googleadservices.com/pagead/managed/js/activeview/current/reach_worklet.html:0
[   35267ms] [ERROR] Attestation check for Shared Storage on https://www.googleadservices.com failed. @ https://www.googleadservices.com/pagead/managed/js/activeview/current/reach_worklet.html:0
[   35338ms] [ERROR] Attestation check for Shared Storage on https://www.googleadservices.com failed. @ https://www.googleadservices.com/pagead/managed/js/activeview/current/reach_worklet.html:0
[   35365ms] [ERROR] Attestation check for Shared Storage on https://www.googleadservices.com failed. @ https://www.googleadservices.com/pagead/managed/js/activeview/current/reach_worklet.html:0
[   62196ms] [ERROR] Attestation check for Shared Storage on https://www.googleadservices.com failed. @ https://www.googleadservices.com/pagead/managed/js/activeview/current/reach_worklet.html:0
[   63367ms] [ERROR] Attestation check for Shared Storage on https://www.googleadservices.com failed. @ https://www.googleadservices.com/pagead/managed/js/activeview/current/reach_worklet.html:0
[   63397ms] [ERROR] Attestation check for Shared Storage on https://www.googleadservices.com failed. @ https://www.googleadservices.com/pagead/managed/js/activeview/current/reach_worklet.html:0
[   88960ms] [ERROR] Attestation check for Shared Storage on https://www.googleadservices.com failed. @ https://www.googleadservices.com/pagead/managed/js/activeview/current/reach_worklet.html:0
[   89008ms] [ERROR] Attestation check for Shared Storage on https://www.googleadservices.com failed. @ https://www.googleadservices.com/pagead/managed/js/activeview/current/reach_worklet.html:0
[   89040ms] [ERROR] Attestation check for Shared Storage on https://www.googleadservices.com failed. @ https://www.googleadservices.com/pagead/managed/js/activeview/current/reach_worklet.html:0
[  115398ms] [ERROR] Attestation check for Shared Storage on https://www.googleadservices.com failed. @ https://www.googleadservices.com/pagead/managed/js/activeview/current/reach_worklet.html:0
[  115427ms] [ERROR] Attestation check for Shared Storage on https://www.googleadservices.com failed. @ https://www.googleadservices.com/pagead/managed/js/activeview/current/reach_worklet.html:0
[  118742ms] [ERROR] Attestation check for Shared Storage on https://www.googleadservices.com failed. @ https://www.googleadservices.com/pagead/managed/js/activeview/current/reach_worklet.html:0
[  143464ms] [ERROR] Attestation check for Shared Storage on https://www.googleadservices.com failed. @ https://www.googleadservices.com/pagead/managed/js/activeview/current/reach_worklet.html:0
[  143486ms] [ERROR] Attestation check for Shared Storage on https://www.googleadservices.com failed. @ https://www.googleadservices.com/pagead/managed/js/activeview/current/reach_worklet.html:0
[  143508ms] [ERROR] Attestation check for Shared Storage on https://www.googleadservices.com failed. @ https://www.googleadservices.com/pagead/managed/js/activeview/current/reach_worklet.html:0
[  169791ms] [ERROR] Attestation check for Shared Storage on https://www.googleadservices.com failed. @ https://www.googleadservices.com/pagead/managed/js/activeview/current/reach_worklet.html:0
[  169816ms] [ERROR] Attestation check for Shared Storage on https://www.googleadservices.com failed. @ https://www.googleadservices.com/pagead/managed/js/activeview/current/reach_worklet.html:0
[  171135ms] [ERROR] Attestation check for Shared Storage on https://www.googleadservices.com failed. @ https://www.googleadservices.com/pagead/managed/js/activeview/current/reach_worklet.html:0
[  196541ms] [ERROR] Attestation check for Shared Storage on https://www.googleadservices.com failed. @ https://www.googleadservices.com/pagead/managed/js/activeview/current/reach_worklet.html:0
[  197002ms] [ERROR] Attestation check for Shared Storage on https://www.googleadservices.com failed. @ https://www.googleadservices.com/pagead/managed/js/activeview/current/reach_worklet.html:0
[  197125ms] [ERROR] Attestation check for Shared Storage on https://www.googleadservices.com failed. @ https://www.googleadservices.com/pagead/managed/js/activeview/current/reach_worklet.html:0
[  223584ms] [ERROR] Attestation check for Shared Storage on https://www.googleadservices.com failed. @ https://www.googleadservices.com/pagead/managed/js/activeview/current/reach_worklet.html:0
[  223747ms] [ERROR] Attestation check for Shared Storage on https://www.googleadservices.com failed. @ https://www.googleadservices.com/pagead/managed/js/activeview/current/reach_worklet.html:0
[  223773ms] [ERROR] Attestation check for Shared Storage on https://www.googleadservices.com failed. @ https://www.googleadservices.com/pagead/managed/js/activeview/current/reach_worklet.html:0
[  251087ms] [ERROR] Attestation check for Shared Storage on https://www.googleadservices.com failed. @ https://www.googleadservices.com/pagead/managed/js/activeview/current/reach_worklet.html:0
[  251117ms] [ERROR] Attestation check for Shared Storage on https://www.googleadservices.com failed. @ https://www.googleadservices.com/pagead/managed/js/activeview/current/reach_worklet.html:0
[  251138ms] [ERROR] Attestation check for Shared Storage on https://www.googleadservices.com failed. @ https://www.googleadservices.com/pagead/managed/js/activeview/current/reach_worklet.html:0
[  277158ms] [ERROR] Attestation check for Shared Storage on https://www.googleadservices.com failed. @ https://www.googleadservices.com/pagead/managed/js/activeview/current/reach_worklet.html:0
[  277567ms] [ERROR] Attestation check for Shared Storage on https://www.googleadservices.com failed. @ https://www.googleadservices.com/pagead/managed/js/activeview/current/reach_worklet.html:0
[  277974ms] [ERROR] Attestation check for Shared Storage on https://www.googleadservices.com failed. @ https://www.googleadservices.com/pagead/managed/js/activeview/current/reach_worklet.html:0
[  304693ms] [ERROR] Attestation check for Shared Storage on https://www.googleadservices.com failed. @ https://www.googleadservices.com/pagead/managed/js/activeview/current/reach_worklet.html:0
[  304776ms] [ERROR] Attestation check for Shared Storage on https://www.googleadservices.com failed. @ https://www.googleadservices.com/pagead/managed/js/activeview/current/reach_worklet.html:0
[  304836ms] [ERROR] Attestation check for Shared Storage on https://www.googleadservices.com failed. @ https://www.googleadservices.com/pagead/managed/js/activeview/current/reach_worklet.html:0
[  332062ms] [ERROR] Attestation check for Shared Storage on https://www.googleadservices.com failed. @ https://www.googleadservices.com/pagead/managed/js/activeview/current/reach_worklet.html:0
[  332100ms] [ERROR] Attestation check for Shared Storage on https://www.googleadservices.com failed. @ https://www.googleadservices.com/pagead/managed/js/activeview/current/reach_worklet.html:0
[  356965ms] [ERROR] Failed to load resource: net::ERR_CONNECTION_REFUSED @ https://rt.marphezis.com/hb:0
[  356966ms] [ERROR] Failed to load resource: net::ERR_CONNECTION_REFUSED @ https://ssc.33across.com/api/v1/hb?guid=btGMK4vGGr8BLMrkHcnlKl:0
[  356966ms] [ERROR] Failed to load resource: net::ERR_CONNECTION_REFUSED @ https://rt.marphezis.com/prebid/error:0
[  357191ms] [ERROR] Failed to load resource: net::ERR_CONNECTION_REFUSED @ https://rt.marphezis.com/hb:0
[  357239ms] [ERROR] Failed to load resource: net::ERR_CONNECTION_REFUSED @ https://rt.marphezis.com/prebid/error:0
[  357239ms] [ERROR] Failed to load resource: net::ERR_CONNECTION_REFUSED @ https://ssc.33across.com/api/v1/hb?guid=btGMK4vGGr8BLMrkHcnlKl:0
[  357240ms] [ERROR] Failed to load resource: net::ERR_CONNECTION_REFUSED @ https://ssc.33across.com/api/v1/hb?guid=btGMK4vGGr8BLMrkHcnlKl:0
[  357240ms] [ERROR] Failed to load resource: net::ERR_CONNECTION_REFUSED @ https://rt.marphezis.com/hb:0
[  357241ms] [ERROR] Failed to load resource: net::ERR_CONNECTION_REFUSED @ https://rt.marphezis.com/prebid/error:0
[  357828ms] [ERROR] Access to fetch at 'https://hb-api.omnitagjs.com/hb-api/prebid/v1?RefererUrl=https%3A%2F%2Fwww.rtings.com%2Fmonitor%2Freviews%2Fdell%2Fu2718q&PageUrl=https%3A%2F%2Fwww.rtings.com%2Fmonitor%2Freviews%2Fdell%2Fu2718q&PageReferrer=https%3A%2F%2Fwww.rtings.com%2Fmonitor%2Freviews%2Fdell%2Fu2718q&CanonicalUrl=https%3A%2F%2Fwww.rtings.com%2Fmonitor%2Freviews%2Fdell%2Fu2718q' from origin 'https://www.rtings.com' has been blocked by CORS policy: No 'Access-Control-Allow-Origin' header is present on the requested resource. @ https://www.rtings.com/monitor/reviews/dell/u2718q:0
[  357828ms] [ERROR] Failed to load resource: net::ERR_FAILED @ https://hb-api.omnitagjs.com/hb-api/prebid/v1?RefererUrl=https%3A%2F%2Fwww.rtings.com%2Fmonitor%2Freviews%2Fdell%2Fu2718q&PageUrl=https%3A%2F%2Fwww.rtings.com%2Fmonitor%2Freviews%2Fdell%2Fu2718q&PageReferrer=https%3A%2F%2Fwww.rtings.com%2Fmonitor%2Freviews%2Fdell%2Fu2718q&CanonicalUrl=https%3A%2F%2Fwww.rtings.com%2Fmonitor%2Freviews%2Fdell%2Fu2718q:0
[  357879ms] [ERROR] Access to fetch at 'https://hb-api.omnitagjs.com/hb-api/prebid/v1?RefererUrl=https%3A%2F%2Fwww.rtings.com%2Fmonitor%2Freviews%2Fdell%2Fu2718q&PageUrl=https%3A%2F%2Fwww.rtings.com%2Fmonitor%2Freviews%2Fdell%2Fu2718q&PageReferrer=https%3A%2F%2Fwww.rtings.com%2Fmonitor%2Freviews%2Fdell%2Fu2718q&CanonicalUrl=https%3A%2F%2Fwww.rtings.com%2Fmonitor%2Freviews%2Fdell%2Fu2718q' from origin 'https://www.rtings.com' has been blocked by CORS policy: No 'Access-Control-Allow-Origin' header is present on the requested resource. @ https://www.rtings.com/monitor/reviews/dell/u2718q:0
[  357879ms] [ERROR] Failed to load resource: net::ERR_FAILED @ https://hb-api.omnitagjs.com/hb-api/prebid/v1?RefererUrl=https%3A%2F%2Fwww.rtings.com%2Fmonitor%2Freviews%2Fdell%2Fu2718q&PageUrl=https%3A%2F%2Fwww.rtings.com%2Fmonitor%2Freviews%2Fdell%2Fu2718q&PageReferrer=https%3A%2F%2Fwww.rtings.com%2Fmonitor%2Freviews%2Fdell%2Fu2718q&CanonicalUrl=https%3A%2F%2Fwww.rtings.com%2Fmonitor%2Freviews%2Fdell%2Fu2718q:0
[  357938ms] [ERROR] Access to fetch at 'https://hb-api.omnitagjs.com/hb-api/prebid/v1?RefererUrl=https%3A%2F%2Fwww.rtings.com%2Fmonitor%2Freviews%2Fdell%2Fu2718q&PageUrl=https%3A%2F%2Fwww.rtings.com%2Fmonitor%2Freviews%2Fdell%2Fu2718q&PageReferrer=https%3A%2F%2Fwww.rtings.com%2Fmonitor%2Freviews%2Fdell%2Fu2718q&CanonicalUrl=https%3A%2F%2Fwww.rtings.com%2Fmonitor%2Freviews%2Fdell%2Fu2718q' from origin 'https://www.rtings.com' has been blocked by CORS policy: No 'Access-Control-Allow-Origin' header is present on the requested resource. @ https://www.rtings.com/monitor/reviews/dell/u2718q:0
[  357938ms] [ERROR] Failed to load resource: net::ERR_FAILED @ https://hb-api.omnitagjs.com/hb-api/prebid/v1?RefererUrl=https%3A%2F%2Fwww.rtings.com%2Fmonitor%2Freviews%2Fdell%2Fu2718q&PageUrl=https%3A%2F%2Fwww.rtings.com%2Fmonitor%2Freviews%2Fdell%2Fu2718q&PageReferrer=https%3A%2F%2Fwww.rtings.com%2Fmonitor%2Freviews%2Fdell%2Fu2718q&CanonicalUrl=https%3A%2F%2Fwww.rtings.com%2Fmonitor%2Freviews%2Fdell%2Fu2718q:0
[    8312ms] [ERROR] Attestation check for Shared Storage on https://www.googleadservices.com failed. @ https://www.googleadservices.com/pagead/managed/js/activeview/current/reach_worklet.html:0
[    8329ms] [ERROR] Attestation check for Shared Storage on https://www.googleadservices.com failed. @ https://www.googleadservices.com/pagead/managed/js/activeview/current/reach_worklet.html:0
[    8331ms] [ERROR] Attestation check for Shared Storage on https://www.googleadservices.com failed. @ https://www.googleadservices.com/pagead/managed/js/activeview/current/reach_worklet.html:0
[    8332ms] [ERROR] Attestation check for Shared Storage on https://www.googleadservices.com failed. @ https://www.googleadservices.com/pagead/managed/js/activeview/current/reach_worklet.html:0
[    8333ms] [ERROR] Attestation check for Shared Storage on https://www.googleadservices.com failed. @ https://www.googleadservices.com/pagead/managed/js/activeview/current/reach_worklet.html:0
[    8334ms] [ERROR] Attestation check for Shared Storage on https://www.googleadservices.com failed. @ https://www.googleadservices.com/pagead/managed/js/activeview/current/reach_worklet.html:0
[   35267ms] [ERROR] Attestation check for Shared Storage on https://www.googleadservices.com failed. @ https://www.googleadservices.com/pagead/managed/js/activeview/current/reach_worklet.html:0
[   35338ms] [ERROR] Attestation check for Shared Storage on https://www.googleadservices.com failed. @ https://www.googleadservices.com/pagead/managed/js/activeview/current/reach_worklet.html:0
[   35365ms] [ERROR] Attestation check for Shared Storage on https://www.googleadservices.com failed. @ https://www.googleadservices.com/pagead/managed/js/activeview/current/reach_worklet.html:0
[   62196ms] [ERROR] Attestation check for Shared Storage on https://www.googleadservices.com failed. @ https://www.googleadservices.com/pagead/managed/js/activeview/current/reach_worklet.html:0
[   63367ms] [ERROR] Attestation check for Shared Storage on https://www.googleadservices.com failed. @ https://www.googleadservices.com/pagead/managed/js/activeview/current/reach_worklet.html:0
[   63397ms] [ERROR] Attestation check for Shared Storage on https://www.googleadservices.com failed. @ https://www.googleadservices.com/pagead/managed/js/activeview/current/reach_worklet.html:0
[   88960ms] [ERROR] Attestation check for Shared Storage on https://www.googleadservices.com failed. @ https://www.googleadservices.com/pagead/managed/js/activeview/current/reach_worklet.html:0
[   89008ms] [ERROR] Attestation check for Shared Storage on https://www.googleadservices.com failed. @ https://www.googleadservices.com/pagead/managed/js/activeview/current/reach_worklet.html:0
[   89040ms] [ERROR] Attestation check for Shared Storage on https://www.googleadservices.com failed. @ https://www.googleadservices.com/pagead/managed/js/activeview/current/reach_worklet.html:0
[  115398ms] [ERROR] Attestation check for Shared Storage on https://www.googleadservices.com failed. @ https://www.googleadservices.com/pagead/managed/js/activeview/current/reach_worklet.html:0
[  115427ms] [ERROR] Attestation check for Shared Storage on https://www.googleadservices.com failed. @ https://www.googleadservices.com/pagead/managed/js/activeview/current/reach_worklet.html:0
[  118742ms] [ERROR] Attestation check for Shared Storage on https://www.googleadservices.com failed. @ https://www.googleadservices.com/pagead/managed/js/activeview/current/reach_worklet.html:0
[  143464ms] [ERROR] Attestation check for Shared Storage on https://www.googleadservices.com failed. @ https://www.googleadservices.com/pagead/managed/js/activeview/current/reach_worklet.html:0
[  143486ms] [ERROR] Attestation check for Shared Storage on https://www.googleadservices.com failed. @ https://www.googleadservices.com/pagead/managed/js/activeview/current/reach_worklet.html:0
[  143508ms] [ERROR] Attestation check for Shared Storage on https://www.googleadservices.com failed. @ https://www.googleadservices.com/pagead/managed/js/activeview/current/reach_worklet.html:0
[  169791ms] [ERROR] Attestation check for Shared Storage on https://www.googleadservices.com failed. @ https://www.googleadservices.com/pagead/managed/js/activeview/current/reach_worklet.html:0
[  169816ms] [ERROR] Attestation check for Shared Storage on https://www.googleadservices.com failed. @ https://www.googleadservices.com/pagead/managed/js/activeview/current/reach_worklet.html:0
[  171135ms] [ERROR] Attestation check for Shared Storage on https://www.googleadservices.com failed. @ https://www.googleadservices.com/pagead/managed/js/activeview/current/reach_worklet.html:0
[  196541ms] [ERROR] Attestation check for Shared Storage on https://www.googleadservices.com failed. @ https://www.googleadservices.com/pagead/managed/js/activeview/current/reach_worklet.html:0
[  197002ms] [ERROR] Attestation check for Shared Storage on https://www.googleadservices.com failed. @ https://www.googleadservices.com/pagead/managed/js/activeview/current/reach_worklet.html:0
[  197125ms] [ERROR] Attestation check for Shared Storage on https://www.googleadservices.com failed. @ https://www.googleadservices.com/pagead/managed/js/activeview/current/reach_worklet.html:0
[  223584ms] [ERROR] Attestation check for Shared Storage on https://www.googleadservices.com failed. @ https://www.googleadservices.com/pagead/managed/js/activeview/current/reach_worklet.html:0
[  223747ms] [ERROR] Attestation check for Shared Storage on https://www.googleadservices.com failed. @ https://www.googleadservices.com/pagead/managed/js/activeview/current/reach_worklet.html:0
[  223773ms] [ERROR] Attestation check for Shared Storage on https://www.googleadservices.com failed. @ https://www.googleadservices.com/pagead/managed/js/activeview/current/reach_worklet.html:0
[  251087ms] [ERROR] Attestation check for Shared Storage on https://www.googleadservices.com failed. @ https://www.googleadservices.com/pagead/managed/js/activeview/current/reach_worklet.html:0
[  251117ms] [ERROR] Attestation check for Shared Storage on https://www.googleadservices.com failed. @ https://www.googleadservices.com/pagead/managed/js/activeview/current/reach_worklet.html:0
[  251138ms] [ERROR] Attestation check for Shared Storage on https://www.googleadservices.com failed. @ https://www.googleadservices.com/pagead/managed/js/activeview/current/reach_worklet.html:0
[  277158ms] [ERROR] Attestation check for Shared Storage on https://www.googleadservices.com failed. @ https://www.googleadservices.com/pagead/managed/js/activeview/current/reach_worklet.html:0
[  277567ms] [ERROR] Attestation check for Shared Storage on https://www.googleadservices.com failed. @ https://www.googleadservices.com/pagead/managed/js/activeview/current/reach_worklet.html:0
[  277974ms] [ERROR] Attestation check for Shared Storage on https://www.googleadservices.com failed. @ https://www.googleadservices.com/pagead/managed/js/activeview/current/reach_worklet.html:0
[  304693ms] [ERROR] Attestation check for Shared Storage on https://www.googleadservices.com failed. @ https://www.googleadservices.com/pagead/managed/js/activeview/current/reach_worklet.html:0
[  304776ms] [ERROR] Attestation check for Shared Storage on https://www.googleadservices.com failed. @ https://www.googleadservices.com/pagead/managed/js/activeview/current/reach_worklet.html:0
[  304836ms] [ERROR] Attestation check for Shared Storage on https://www.googleadservices.com failed. @ https://www.googleadservices.com/pagead/managed/js/activeview/current/reach_worklet.html:0
[  332062ms] [ERROR] Attestation check for Shared Storage on https://www.googleadservices.com failed. @ https://www.googleadservices.com/pagead/managed/js/activeview/current/reach_worklet.html:0
[  332100ms] [ERROR] Attestation check for Shared Storage on https://www.googleadservices.com failed. @ https://www.googleadservices.com/pagead/managed/js/activeview/current/reach_worklet.html:0
[    8312ms] [ERROR] Attestation check for Shared Storage on https://www.googleadservices.com failed. @ https://www.googleadservices.com/pagead/managed/js/activeview/current/reach_worklet.html:0
[    8329ms] [ERROR] Attestation check for Shared Storage on https://www.googleadservices.com failed. @ https://www.googleadservices.com/pagead/managed/js/activeview/current/reach_worklet.html:0
[    8331ms] [ERROR] Attestation check for Shared Storage on https://www.googleadservices.com failed. @ https://www.googleadservices.com/pagead/managed/js/activeview/current/reach_worklet.html:0
[    8332ms] [ERROR] Attestation check for Shared Storage on https://www.googleadservices.com failed. @ https://www.googleadservices.com/pagead/managed/js/activeview/current/reach_worklet.html:0
[    8333ms] [ERROR] Attestation check for Shared Storage on https://www.googleadservices.com failed. @ https://www.googleadservices.com/pagead/managed/js/activeview/current/reach_worklet.html:0
[    8334ms] [ERROR] Attestation check for Shared Storage on https://www.googleadservices.com failed. @ https://www.googleadservices.com/pagead/managed/js/activeview/current/reach_worklet.html:0
[   35267ms] [ERROR] Attestation check for Shared Storage on https://www.googleadservices.com failed. @ https://www.googleadservices.com/pagead/managed/js/activeview/current/reach_worklet.html:0
[   35338ms] [ERROR] Attestation check for Shared Storage on https://www.googleadservices.com failed. @ https://www.googleadservices.com/pagead/managed/js/activeview/current/reach_worklet.html:0
[   35365ms] [ERROR] Attestation check for Shared Storage on https://www.googleadservices.com failed. @ https://www.googleadservices.com/pagead/managed/js/activeview/current/reach_worklet.html:0
[   62196ms] [ERROR] Attestation check for Shared Storage on https://www.googleadservices.com failed. @ https://www.googleadservices.com/pagead/managed/js/activeview/current/reach_worklet.html:0
[   63367ms] [ERROR] Attestation check for Shared Storage on https://www.googleadservices.com failed. @ https://www.googleadservices.com/pagead/managed/js/activeview/current/reach_worklet.html:0
[   63397ms] [ERROR] Attestation check for Shared Storage on https://www.googleadservices.com failed. @ https://www.googleadservices.com/pagead/managed/js/activeview/current/reach_worklet.html:0
[   88960ms] [ERROR] Attestation check for Shared Storage on https://www.googleadservices.com failed. @ https://www.googleadservices.com/pagead/managed/js/activeview/current/reach_worklet.html:0
[   89008ms] [ERROR] Attestation check for Shared Storage on https://www.googleadservices.com failed. @ https://www.googleadservices.com/pagead/managed/js/activeview/current/reach_worklet.html:0
[   89040ms] [ERROR] Attestation check for Shared Storage on https://www.googleadservices.com failed. @ https://www.googleadservices.com/pagead/managed/js/activeview/current/reach_worklet.html:0
[  115398ms] [ERROR] Attestation check for Shared Storage on https://www.googleadservices.com failed. @ https://www.googleadservices.com/pagead/managed/js/activeview/current/reach_worklet.html:0
[  115427ms] [ERROR] Attestation check for Shared Storage on https://www.googleadservices.com failed. @ https://www.googleadservices.com/pagead/managed/js/activeview/current/reach_worklet.html:0
[  118742ms] [ERROR] Attestation check for Shared Storage on https://www.googleadservices.com failed. @ https://www.googleadservices.com/pagead/managed/js/activeview/current/reach_worklet.html:0
[  143464ms] [ERROR] Attestation check for Shared Storage on https://www.googleadservices.com failed. @ https://www.googleadservices.com/pagead/managed/js/activeview/current/reach_worklet.html:0
[  143486ms] [ERROR] Attestation check for Shared Storage on https://www.googleadservices.com failed. @ https://www.googleadservices.com/pagead/managed/js/activeview/current/reach_worklet.html:0
[  143508ms] [ERROR] Attestation check for Shared Storage on https://www.googleadservices.com failed. @ https://www.googleadservices.com/pagead/managed/js/activeview/current/reach_worklet.html:0
[  169791ms] [ERROR] Attestation check for Shared Storage on https://www.googleadservices.com failed. @ https://www.googleadservices.com/pagead/managed/js/activeview/current/reach_worklet.html:0
[  169816ms] [ERROR] Attestation check for Shared Storage on https://www.googleadservices.com failed. @ https://www.googleadservices.com/pagead/managed/js/activeview/current/reach_worklet.html:0
[  171135ms] [ERROR] Attestation check for Shared Storage on https://www.googleadservices.com failed. @ https://www.googleadservices.com/pagead/managed/js/activeview/current/reach_worklet.html:0
[  196541ms] [ERROR] Attestation check for Shared Storage on https://www.googleadservices.com failed. @ https://www.googleadservices.com/pagead/managed/js/activeview/current/reach_worklet.html:0
[  197002ms] [ERROR] Attestation check for Shared Storage on https://www.googleadservices.com failed. @ https://www.googleadservices.com/pagead/managed/js/activeview/current/reach_worklet.html:0
[  197125ms] [ERROR] Attestation check for Shared Storage on https://www.googleadservices.com failed. @ https://www.googleadservices.com/pagead/managed/js/activeview/current/reach_worklet.html:0
[  223584ms] [ERROR] Attestation check for Shared Storage on https://www.googleadservices.com failed. @ https://www.googleadservices.com/pagead/managed/js/activeview/current/reach_worklet.html:0
[  223747ms] [ERROR] Attestation check for Shared Storage on https://www.googleadservices.com failed. @ https://www.googleadservices.com/pagead/managed/js/activeview/current/reach_worklet.html:0
[  223773ms] [ERROR] Attestation check for Shared Storage on https://www.googleadservices.com failed. @ https://www.googleadservices.com/pagead/managed/js/activeview/current/reach_worklet.html:0
[  251087ms] [ERROR] Attestation check for Shared Storage on https://www.googleadservices.com failed. @ https://www.googleadservices.com/pagead/managed/js/activeview/current/reach_worklet.html:0
[  251117ms] [ERROR] Attestation check for Shared Storage on https://www.googleadservices.com failed. @ https://www.googleadservices.com/pagead/managed/js/activeview/current/reach_worklet.html:0
[  251138ms] [ERROR] Attestation check for Shared Storage on https://www.googleadservices.com failed. @ https://www.googleadservices.com/pagead/managed/js/activeview/current/reach_worklet.html:0
[  277158ms] [ERROR] Attestation check for Shared Storage on https://www.googleadservices.com failed. @ https://www.googleadservices.com/pagead/managed/js/activeview/current/reach_worklet.html:0
[  277567ms] [ERROR] Attestation check for Shared Storage on https://www.googleadservices.com failed. @ https://www.googleadservices.com/pagead/managed/js/activeview/current/reach_worklet.html:0
[  277974ms] [ERROR] Attestation check for Shared Storage on https://www.googleadservices.com failed. @ https://www.googleadservices.com/pagead/managed/js/activeview/current/reach_worklet.html:0
[  304693ms] [ERROR] Attestation check for Shared Storage on https://www.googleadservices.com failed. @ https://www.googleadservices.com/pagead/managed/js/activeview/current/reach_worklet.html:0
[  304776ms] [ERROR] Attestation check for Shared Storage on https://www.googleadservices.com failed. @ https://www.googleadservices.com/pagead/managed/js/activeview/current/reach_worklet.html:0
[  304836ms] [ERROR] Attestation check for Shared Storage on https://www.googleadservices.com failed. @ https://www.googleadservices.com/pagead/managed/js/activeview/current/reach_worklet.html:0
[  332062ms] [ERROR] Attestation check for Shared Storage on https://www.googleadservices.com failed. @ https://www.googleadservices.com/pagead/managed/js/activeview/current/reach_worklet.html:0
[  332100ms] [ERROR] Attestation check for Shared Storage on https://www.googleadservices.com failed. @ https://www.googleadservices.com/pagead/managed/js/activeview/current/reach_worklet.html:0
[    8312ms] [ERROR] Attestation check for Shared Storage on https://www.googleadservices.com failed. @ https://www.googleadservices.com/pagead/managed/js/activeview/current/reach_worklet.html:0
[    8329ms] [ERROR] Attestation check for Shared Storage on https://www.googleadservices.com failed. @ https://www.googleadservices.com/pagead/managed/js/activeview/current/reach_worklet.html:0
[    8331ms] [ERROR] Attestation check for Shared Storage on https://www.googleadservices.com failed. @ https://www.googleadservices.com/pagead/managed/js/activeview/current/reach_worklet.html:0
[    8332ms] [ERROR] Attestation check for Shared Storage on https://www.googleadservices.com failed. @ https://www.googleadservices.com/pagead/managed/js/activeview/current/reach_worklet.html:0
[    8333ms] [ERROR] Attestation check for Shared Storage on https://www.googleadservices.com failed. @ https://www.googleadservices.com/pagead/managed/js/activeview/current/reach_worklet.html:0
[    8334ms] [ERROR] Attestation check for Shared Storage on https://www.googleadservices.com failed. @ https://www.googleadservices.com/pagead/managed/js/activeview/current/reach_worklet.html:0
[   35267ms] [ERROR] Attestation check for Shared Storage on https://www.googleadservices.com failed. @ https://www.googleadservices.com/pagead/managed/js/activeview/current/reach_worklet.html:0
[   35338ms] [ERROR] Attestation check for Shared Storage on https://www.googleadservices.com failed. @ https://www.googleadservices.com/pagead/managed/js/activeview/current/reach_worklet.html:0
[   35365ms] [ERROR] Attestation check for Shared Storage on https://www.googleadservices.com failed. @ https://www.googleadservices.com/pagead/managed/js/activeview/current/reach_worklet.html:0
[   62196ms] [ERROR] Attestation check for Shared Storage on https://www.googleadservices.com failed. @ https://www.googleadservices.com/pagead/managed/js/activeview/current/reach_worklet.html:0
[   63367ms] [ERROR] Attestation check for Shared Storage on https://www.googleadservices.com failed. @ https://www.googleadservices.com/pagead/managed/js/activeview/current/reach_worklet.html:0
[   63397ms] [ERROR] Attestation check for Shared Storage on https://www.googleadservices.com failed. @ https://www.googleadservices.com/pagead/managed/js/activeview/current/reach_worklet.html:0
[   88960ms] [ERROR] Attestation check for Shared Storage on https://www.googleadservices.com failed. @ https://www.googleadservices.com/pagead/managed/js/activeview/current/reach_worklet.html:0
[   89008ms] [ERROR] Attestation check for Shared Storage on https://www.googleadservices.com failed. @ https://www.googleadservices.com/pagead/managed/js/activeview/current/reach_worklet.html:0
[   89040ms] [ERROR] Attestation check for Shared Storage on https://www.googleadservices.com failed. @ https://www.googleadservices.com/pagead/managed/js/activeview/current/reach_worklet.html:0
[  115398ms] [ERROR] Attestation check for Shared Storage on https://www.googleadservices.com failed. @ https://www.googleadservices.com/pagead/managed/js/activeview/current/reach_worklet.html:0
[  115427ms] [ERROR] Attestation check for Shared Storage on https://www.googleadservices.com failed. @ https://www.googleadservices.com/pagead/managed/js/activeview/current/reach_worklet.html:0
[  118742ms] [ERROR] Attestation check for Shared Storage on https://www.googleadservices.com failed. @ https://www.googleadservices.com/pagead/managed/js/activeview/current/reach_worklet.html:0
[  143464ms] [ERROR] Attestation check for Shared Storage on https://www.googleadservices.com failed. @ https://www.googleadservices.com/pagead/managed/js/activeview/current/reach_worklet.html:0
[  143486ms] [ERROR] Attestation check for Shared Storage on https://www.googleadservices.com failed. @ https://www.googleadservices.com/pagead/managed/js/activeview/current/reach_worklet.html:0
[  143508ms] [ERROR] Attestation check for Shared Storage on https://www.googleadservices.com failed. @ https://www.googleadservices.com/pagead/managed/js/activeview/current/reach_worklet.html:0
[  169791ms] [ERROR] Attestation check for Shared Storage on https://www.googleadservices.com failed. @ https://www.googleadservices.com/pagead/managed/js/activeview/current/reach_worklet.html:0
[  169816ms] [ERROR] Attestation check for Shared Storage on https://www.googleadservices.com failed. @ https://www.googleadservices.com/pagead/managed/js/activeview/current/reach_worklet.html:0
[  171135ms] [ERROR] Attestation check for Shared Storage on https://www.googleadservices.com failed. @ https://www.googleadservices.com/pagead/managed/js/activeview/current/reach_worklet.html:0
[  196541ms] [ERROR] Attestation check for Shared Storage on https://www.googleadservices.com failed. @ https://www.googleadservices.com/pagead/managed/js/activeview/current/reach_worklet.html:0
[  197002ms] [ERROR] Attestation check for Shared Storage on https://www.googleadservices.com failed. @ https://www.googleadservices.com/pagead/managed/js/activeview/current/reach_worklet.html:0
[  197125ms] [ERROR] Attestation check for Shared Storage on https://www.googleadservices.com failed. @ https://www.googleadservices.com/pagead/managed/js/activeview/current/reach_worklet.html:0
[  223584ms] [ERROR] Attestation check for Shared Storage on https://www.googleadservices.com failed. @ https://www.googleadservices.com/pagead/managed/js/activeview/current/reach_worklet.html:0
[  223747ms] [ERROR] Attestation check for Shared Storage on https://www.googleadservices.com failed. @ https://www.googleadservices.com/pagead/managed/js/activeview/current/reach_worklet.html:0
[  223773ms] [ERROR] Attestation check for Shared Storage on https://www.googleadservices.com failed. @ https://www.googleadservices.com/pagead/managed/js/activeview/current/reach_worklet.html:0
[  251087ms] [ERROR] Attestation check for Shared Storage on https://www.googleadservices.com failed. @ https://www.googleadservices.com/pagead/managed/js/activeview/current/reach_worklet.html:0
[  251117ms] [ERROR] Attestation check for Shared Storage on https://www.googleadservices.com failed. @ https://www.googleadservices.com/pagead/managed/js/activeview/current/reach_worklet.html:0
[  251138ms] [ERROR] Attestation check for Shared Storage on https://www.googleadservices.com failed. @ https://www.googleadservices.com/pagead/managed/js/activeview/current/reach_worklet.html:0
[  277158ms] [ERROR] Attestation check for Shared Storage on https://www.googleadservices.com failed. @ https://www.googleadservices.com/pagead/managed/js/activeview/current/reach_worklet.html:0
[  277567ms] [ERROR] Attestation check for Shared Storage on https://www.googleadservices.com failed. @ https://www.googleadservices.com/pagead/managed/js/activeview/current/reach_worklet.html:0
[  277974ms] [ERROR] Attestation check for Shared Storage on https://www.googleadservices.com failed. @ https://www.googleadservices.com/pagead/managed/js/activeview/current/reach_worklet.html:0
[  304693ms] [ERROR] Attestation check for Shared Storage on https://www.googleadservices.com failed. @ https://www.googleadservices.com/pagead/managed/js/activeview/current/reach_worklet.html:0
[  304776ms] [ERROR] Attestation check for Shared Storage on https://www.googleadservices.com failed. @ https://www.googleadservices.com/pagead/managed/js/activeview/current/reach_worklet.html:0
[  304836ms] [ERROR] Attestation check for Shared Storage on https://www.googleadservices.com failed. @ https://www.googleadservices.com/pagead/managed/js/activeview/current/reach_worklet.html:0
[  332062ms] [ERROR] Attestation check for Shared Storage on https://www.googleadservices.com failed. @ https://www.googleadservices.com/pagead/managed/js/activeview/current/reach_worklet.html:0
[  332100ms] [ERROR] Attestation check for Shared Storage on https://www.googleadservices.com failed. @ https://www.googleadservices.com/pagead/managed/js/activeview/current/reach_worklet.html:0
[  358764ms] [ERROR] Attestation check for Shared Storage on https://www.googleadservices.com failed. @ https://www.googleadservices.com/pagead/managed/js/activeview/current/reach_worklet.html:0
[  358795ms] [ERROR] Attestation check for Shared Storage on https://www.googleadservices.com failed. @ https://www.googleadservices.com/pagead/managed/js/activeview/current/reach_worklet.html:0
[  358819ms] [ERROR] Attestation check for Shared Storage on https://www.googleadservices.com failed. @ https://www.googleadservices.com/pagead/managed/js/activeview/current/reach_worklet.html:0
[  383966ms] [ERROR] Failed to load resource: net::ERR_CONNECTION_REFUSED @ https://rt.marphezis.com/hb:0
[  383966ms] [ERROR] Failed to load resource: net::ERR_CONNECTION_REFUSED @ https://ssc.33across.com/api/v1/hb?guid=btGMK4vGGr8BLMrkHcnlKl:0
[  383967ms] [ERROR] Failed to load resource: net::ERR_CONNECTION_REFUSED @ https://rt.marphezis.com/prebid/error:0
[  384187ms] [ERROR] Failed to load resource: net::ERR_CONNECTION_REFUSED @ https://rt.marphezis.com/hb:0
[  384187ms] [ERROR] Failed to load resource: net::ERR_CONNECTION_REFUSED @ https://ssc.33across.com/api/v1/hb?guid=btGMK4vGGr8BLMrkHcnlKl:0
[  384188ms] [ERROR] Access to fetch at 'https://hb-api.omnitagjs.com/hb-api/prebid/v1?RefererUrl=https%3A%2F%2Fwww.rtings.com%2Fmonitor%2Freviews%2Fdell%2Fu2718q&PageUrl=https%3A%2F%2Fwww.rtings.com%2Fmonitor%2Freviews%2Fdell%2Fu2718q&PageReferrer=https%3A%2F%2Fwww.rtings.com%2Fmonitor%2Freviews%2Fdell%2Fu2718q&CanonicalUrl=https%3A%2F%2Fwww.rtings.com%2Fmonitor%2Freviews%2Fdell%2Fu2718q' from origin 'https://www.rtings.com' has been blocked by CORS policy: No 'Access-Control-Allow-Origin' header is present on the requested resource. @ https://www.rtings.com/monitor/reviews/dell/u2718q:0
[  384188ms] [ERROR] Failed to load resource: net::ERR_FAILED @ https://hb-api.omnitagjs.com/hb-api/prebid/v1?RefererUrl=https%3A%2F%2Fwww.rtings.com%2Fmonitor%2Freviews%2Fdell%2Fu2718q&PageUrl=https%3A%2F%2Fwww.rtings.com%2Fmonitor%2Freviews%2Fdell%2Fu2718q&PageReferrer=https%3A%2F%2Fwww.rtings.com%2Fmonitor%2Freviews%2Fdell%2Fu2718q&CanonicalUrl=https%3A%2F%2Fwww.rtings.com%2Fmonitor%2Freviews%2Fdell%2Fu2718q:0
[  384188ms] [ERROR] Failed to load resource: net::ERR_CONNECTION_REFUSED @ https://rt.marphezis.com/prebid/error:0
[  384233ms] [ERROR] Failed to load resource: net::ERR_CONNECTION_REFUSED @ https://ssc.33across.com/api/v1/hb?guid=btGMK4vGGr8BLMrkHcnlKl:0
[  384234ms] [ERROR] Failed to load resource: net::ERR_CONNECTION_REFUSED @ https://rt.marphezis.com/hb:0
[  384235ms] [ERROR] Failed to load resource: net::ERR_CONNECTION_REFUSED @ https://rt.marphezis.com/prebid/error:0
[  384859ms] [ERROR] Access to fetch at 'https://hb-api.omnitagjs.com/hb-api/prebid/v1?RefererUrl=https%3A%2F%2Fwww.rtings.com%2Fmonitor%2Freviews%2Fdell%2Fu2718q&PageUrl=https%3A%2F%2Fwww.rtings.com%2Fmonitor%2Freviews%2Fdell%2Fu2718q&PageReferrer=https%3A%2F%2Fwww.rtings.com%2Fmonitor%2Freviews%2Fdell%2Fu2718q&CanonicalUrl=https%3A%2F%2Fwww.rtings.com%2Fmonitor%2Freviews%2Fdell%2Fu2718q' from origin 'https://www.rtings.com' has been blocked by CORS policy: No 'Access-Control-Allow-Origin' header is present on the requested resource. @ https://www.rtings.com/monitor/reviews/dell/u2718q:0
[  384859ms] [ERROR] Failed to load resource: net::ERR_FAILED @ https://hb-api.omnitagjs.com/hb-api/prebid/v1?RefererUrl=https%3A%2F%2Fwww.rtings.com%2Fmonitor%2Freviews%2Fdell%2Fu2718q&PageUrl=https%3A%2F%2Fwww.rtings.com%2Fmonitor%2Freviews%2Fdell%2Fu2718q&PageReferrer=https%3A%2F%2Fwww.rtings.com%2Fmonitor%2Freviews%2Fdell%2Fu2718q&CanonicalUrl=https%3A%2F%2Fwww.rtings.com%2Fmonitor%2Freviews%2Fdell%2Fu2718q:0
[  384906ms] [ERROR] Access to fetch at 'https://hb-api.omnitagjs.com/hb-api/prebid/v1?RefererUrl=https%3A%2F%2Fwww.rtings.com%2Fmonitor%2Freviews%2Fdell%2Fu2718q&PageUrl=https%3A%2F%2Fwww.rtings.com%2Fmonitor%2Freviews%2Fdell%2Fu2718q&PageReferrer=https%3A%2F%2Fwww.rtings.com%2Fmonitor%2Freviews%2Fdell%2Fu2718q&CanonicalUrl=https%3A%2F%2Fwww.rtings.com%2Fmonitor%2Freviews%2Fdell%2Fu2718q' from origin 'https://www.rtings.com' has been blocked by CORS policy: No 'Access-Control-Allow-Origin' header is present on the requested resource. @ https://www.rtings.com/monitor/reviews/dell/u2718q:0
[  384906ms] [ERROR] Failed to load resource: net::ERR_FAILED @ https://hb-api.omnitagjs.com/hb-api/prebid/v1?RefererUrl=https%3A%2F%2Fwww.rtings.com%2Fmonitor%2Freviews%2Fdell%2Fu2718q&PageUrl=https%3A%2F%2Fwww.rtings.com%2Fmonitor%2Freviews%2Fdell%2Fu2718q&PageReferrer=https%3A%2F%2Fwww.rtings.com%2Fmonitor%2Freviews%2Fdell%2Fu2718q&CanonicalUrl=https%3A%2F%2Fwww.rtings.com%2Fmonitor%2Freviews%2Fdell%2Fu2718q:0
[    8312ms] [ERROR] Attestation check for Shared Storage on https://www.googleadservices.com failed. @ https://www.googleadservices.com/pagead/managed/js/activeview/current/reach_worklet.html:0
[    8329ms] [ERROR] Attestation check for Shared Storage on https://www.googleadservices.com failed. @ https://www.googleadservices.com/pagead/managed/js/activeview/current/reach_worklet.html:0
[    8331ms] [ERROR] Attestation check for Shared Storage on https://www.googleadservices.com failed. @ https://www.googleadservices.com/pagead/managed/js/activeview/current/reach_worklet.html:0
[    8332ms] [ERROR] Attestation check for Shared Storage on https://www.googleadservices.com failed. @ https://www.googleadservices.com/pagead/managed/js/activeview/current/reach_worklet.html:0
[    8333ms] [ERROR] Attestation check for Shared Storage on https://www.googleadservices.com failed. @ https://www.googleadservices.com/pagead/managed/js/activeview/current/reach_worklet.html:0
[    8334ms] [ERROR] Attestation check for Shared Storage on https://www.googleadservices.com failed. @ https://www.googleadservices.com/pagead/managed/js/activeview/current/reach_worklet.html:0
[   35267ms] [ERROR] Attestation check for Shared Storage on https://www.googleadservices.com failed. @ https://www.googleadservices.com/pagead/managed/js/activeview/current/reach_worklet.html:0
[   35338ms] [ERROR] Attestation check for Shared Storage on https://www.googleadservices.com failed. @ https://www.googleadservices.com/pagead/managed/js/activeview/current/reach_worklet.html:0
[   35365ms] [ERROR] Attestation check for Shared Storage on https://www.googleadservices.com failed. @ https://www.googleadservices.com/pagead/managed/js/activeview/current/reach_worklet.html:0
[   62196ms] [ERROR] Attestation check for Shared Storage on https://www.googleadservices.com failed. @ https://www.googleadservices.com/pagead/managed/js/activeview/current/reach_worklet.html:0
[   63367ms] [ERROR] Attestation check for Shared Storage on https://www.googleadservices.com failed. @ https://www.googleadservices.com/pagead/managed/js/activeview/current/reach_worklet.html:0
[   63397ms] [ERROR] Attestation check for Shared Storage on https://www.googleadservices.com failed. @ https://www.googleadservices.com/pagead/managed/js/activeview/current/reach_worklet.html:0
[   88960ms] [ERROR] Attestation check for Shared Storage on https://www.googleadservices.com failed. @ https://www.googleadservices.com/pagead/managed/js/activeview/current/reach_worklet.html:0
[   89008ms] [ERROR] Attestation check for Shared Storage on https://www.googleadservices.com failed. @ https://www.googleadservices.com/pagead/managed/js/activeview/current/reach_worklet.html:0
[   89040ms] [ERROR] Attestation check for Shared Storage on https://www.googleadservices.com failed. @ https://www.googleadservices.com/pagead/managed/js/activeview/current/reach_worklet.html:0
[  115398ms] [ERROR] Attestation check for Shared Storage on https://www.googleadservices.com failed. @ https://www.googleadservices.com/pagead/managed/js/activeview/current/reach_worklet.html:0
[  115427ms] [ERROR] Attestation check for Shared Storage on https://www.googleadservices.com failed. @ https://www.googleadservices.com/pagead/managed/js/activeview/current/reach_worklet.html:0
[  118742ms] [ERROR] Attestation check for Shared Storage on https://www.googleadservices.com failed. @ https://www.googleadservices.com/pagead/managed/js/activeview/current/reach_worklet.html:0
[  143464ms] [ERROR] Attestation check for Shared Storage on https://www.googleadservices.com failed. @ https://www.googleadservices.com/pagead/managed/js/activeview/current/reach_worklet.html:0
[  143486ms] [ERROR] Attestation check for Shared Storage on https://www.googleadservices.com failed. @ https://www.googleadservices.com/pagead/managed/js/activeview/current/reach_worklet.html:0
[  143508ms] [ERROR] Attestation check for Shared Storage on https://www.googleadservices.com failed. @ https://www.googleadservices.com/pagead/managed/js/activeview/current/reach_worklet.html:0
[  169791ms] [ERROR] Attestation check for Shared Storage on https://www.googleadservices.com failed. @ https://www.googleadservices.com/pagead/managed/js/activeview/current/reach_worklet.html:0
[  169816ms] [ERROR] Attestation check for Shared Storage on https://www.googleadservices.com failed. @ https://www.googleadservices.com/pagead/managed/js/activeview/current/reach_worklet.html:0
[  171135ms] [ERROR] Attestation check for Shared Storage on https://www.googleadservices.com failed. @ https://www.googleadservices.com/pagead/managed/js/activeview/current/reach_worklet.html:0
[  196541ms] [ERROR] Attestation check for Shared Storage on https://www.googleadservices.com failed. @ https://www.googleadservices.com/pagead/managed/js/activeview/current/reach_worklet.html:0
[  197002ms] [ERROR] Attestation check for Shared Storage on https://www.googleadservices.com failed. @ https://www.googleadservices.com/pagead/managed/js/activeview/current/reach_worklet.html:0
[  197125ms] [ERROR] Attestation check for Shared Storage on https://www.googleadservices.com failed. @ https://www.googleadservices.com/pagead/managed/js/activeview/current/reach_worklet.html:0
[  223584ms] [ERROR] Attestation check for Shared Storage on https://www.googleadservices.com failed. @ https://www.googleadservices.com/pagead/managed/js/activeview/current/reach_worklet.html:0
[  223747ms] [ERROR] Attestation check for Shared Storage on https://www.googleadservices.com failed. @ https://www.googleadservices.com/pagead/managed/js/activeview/current/reach_worklet.html:0
[  223773ms] [ERROR] Attestation check for Shared Storage on https://www.googleadservices.com failed. @ https://www.googleadservices.com/pagead/managed/js/activeview/current/reach_worklet.html:0
[  251087ms] [ERROR] Attestation check for Shared Storage on https://www.googleadservices.com failed. @ https://www.googleadservices.com/pagead/managed/js/activeview/current/reach_worklet.html:0
[  251117ms] [ERROR] Attestation check for Shared Storage on https://www.googleadservices.com failed. @ https://www.googleadservices.com/pagead/managed/js/activeview/current/reach_worklet.html:0
[  251138ms] [ERROR] Attestation check for Shared Storage on https://www.googleadservices.com failed. @ https://www.googleadservices.com/pagead/managed/js/activeview/current/reach_worklet.html:0
[  277158ms] [ERROR] Attestation check for Shared Storage on https://www.googleadservices.com failed. @ https://www.googleadservices.com/pagead/managed/js/activeview/current/reach_worklet.html:0
[  277567ms] [ERROR] Attestation check for Shared Storage on https://www.googleadservices.com failed. @ https://www.googleadservices.com/pagead/managed/js/activeview/current/reach_worklet.html:0
[  277974ms] [ERROR] Attestation check for Shared Storage on https://www.googleadservices.com failed. @ https://www.googleadservices.com/pagead/managed/js/activeview/current/reach_worklet.html:0
[  304693ms] [ERROR] Attestation check for Shared Storage on https://www.googleadservices.com failed. @ https://www.googleadservices.com/pagead/managed/js/activeview/current/reach_worklet.html:0
[  304776ms] [ERROR] Attestation check for Shared Storage on https://www.googleadservices.com failed. @ https://www.googleadservices.com/pagead/managed/js/activeview/current/reach_worklet.html:0
[  304836ms] [ERROR] Attestation check for Shared Storage on https://www.googleadservices.com failed. @ https://www.googleadservices.com/pagead/managed/js/activeview/current/reach_worklet.html:0
[  332062ms] [ERROR] Attestation check for Shared Storage on https://www.googleadservices.com failed. @ https://www.googleadservices.com/pagead/managed/js/activeview/current/reach_worklet.html:0
[  332100ms] [ERROR] Attestation check for Shared Storage on https://www.googleadservices.com failed. @ https://www.googleadservices.com/pagead/managed/js/activeview/current/reach_worklet.html:0
[  358764ms] [ERROR] Attestation check for Shared Storage on https://www.googleadservices.com failed. @ https://www.googleadservices.com/pagead/managed/js/activeview/current/reach_worklet.html:0
[  358795ms] [ERROR] Attestation check for Shared Storage on https://www.googleadservices.com failed. @ https://www.googleadservices.com/pagead/managed/js/activeview/current/reach_worklet.html:0
[  358819ms] [ERROR] Attestation check for Shared Storage on https://www.googleadservices.com failed. @ https://www.googleadservices.com/pagead/managed/js/activeview/current/reach_worklet.html:0
[  385098ms] [ERROR] Attestation check for Shared Storage on https://www.googleadservices.com failed. @ https://www.googleadservices.com/pagead/managed/js/activeview/current/reach_worklet.html:0
[    8312ms] [ERROR] Attestation check for Shared Storage on https://www.googleadservices.com failed. @ https://www.googleadservices.com/pagead/managed/js/activeview/current/reach_worklet.html:0
[    8329ms] [ERROR] Attestation check for Shared Storage on https://www.googleadservices.com failed. @ https://www.googleadservices.com/pagead/managed/js/activeview/current/reach_worklet.html:0
[    8331ms] [ERROR] Attestation check for Shared Storage on https://www.googleadservices.com failed. @ https://www.googleadservices.com/pagead/managed/js/activeview/current/reach_worklet.html:0
[    8332ms] [ERROR] Attestation check for Shared Storage on https://www.googleadservices.com failed. @ https://www.googleadservices.com/pagead/managed/js/activeview/current/reach_worklet.html:0
[    8333ms] [ERROR] Attestation check for Shared Storage on https://www.googleadservices.com failed. @ https://www.googleadservices.com/pagead/managed/js/activeview/current/reach_worklet.html:0
[    8334ms] [ERROR] Attestation check for Shared Storage on https://www.googleadservices.com failed. @ https://www.googleadservices.com/pagead/managed/js/activeview/current/reach_worklet.html:0
[   35267ms] [ERROR] Attestation check for Shared Storage on https://www.googleadservices.com failed. @ https://www.googleadservices.com/pagead/managed/js/activeview/current/reach_worklet.html:0
[   35338ms] [ERROR] Attestation check for Shared Storage on https://www.googleadservices.com failed. @ https://www.googleadservices.com/pagead/managed/js/activeview/current/reach_worklet.html:0
[   35365ms] [ERROR] Attestation check for Shared Storage on https://www.googleadservices.com failed. @ https://www.googleadservices.com/pagead/managed/js/activeview/current/reach_worklet.html:0
[   62196ms] [ERROR] Attestation check for Shared Storage on https://www.googleadservices.com failed. @ https://www.googleadservices.com/pagead/managed/js/activeview/current/reach_worklet.html:0
[   63367ms] [ERROR] Attestation check for Shared Storage on https://www.googleadservices.com failed. @ https://www.googleadservices.com/pagead/managed/js/activeview/current/reach_worklet.html:0
[   63397ms] [ERROR] Attestation check for Shared Storage on https://www.googleadservices.com failed. @ https://www.googleadservices.com/pagead/managed/js/activeview/current/reach_worklet.html:0
[   88960ms] [ERROR] Attestation check for Shared Storage on https://www.googleadservices.com failed. @ https://www.googleadservices.com/pagead/managed/js/activeview/current/reach_worklet.html:0
[   89008ms] [ERROR] Attestation check for Shared Storage on https://www.googleadservices.com failed. @ https://www.googleadservices.com/pagead/managed/js/activeview/current/reach_worklet.html:0
[   89040ms] [ERROR] Attestation check for Shared Storage on https://www.googleadservices.com failed. @ https://www.googleadservices.com/pagead/managed/js/activeview/current/reach_worklet.html:0
[  115398ms] [ERROR] Attestation check for Shared Storage on https://www.googleadservices.com failed. @ https://www.googleadservices.com/pagead/managed/js/activeview/current/reach_worklet.html:0
[  115427ms] [ERROR] Attestation check for Shared Storage on https://www.googleadservices.com failed. @ https://www.googleadservices.com/pagead/managed/js/activeview/current/reach_worklet.html:0
[  118742ms] [ERROR] Attestation check for Shared Storage on https://www.googleadservices.com failed. @ https://www.googleadservices.com/pagead/managed/js/activeview/current/reach_worklet.html:0
[  143464ms] [ERROR] Attestation check for Shared Storage on https://www.googleadservices.com failed. @ https://www.googleadservices.com/pagead/managed/js/activeview/current/reach_worklet.html:0
[  143486ms] [ERROR] Attestation check for Shared Storage on https://www.googleadservices.com failed. @ https://www.googleadservices.com/pagead/managed/js/activeview/current/reach_worklet.html:0
[  143508ms] [ERROR] Attestation check for Shared Storage on https://www.googleadservices.com failed. @ https://www.googleadservices.com/pagead/managed/js/activeview/current/reach_worklet.html:0
[  169791ms] [ERROR] Attestation check for Shared Storage on https://www.googleadservices.com failed. @ https://www.googleadservices.com/pagead/managed/js/activeview/current/reach_worklet.html:0
[  169816ms] [ERROR] Attestation check for Shared Storage on https://www.googleadservices.com failed. @ https://www.googleadservices.com/pagead/managed/js/activeview/current/reach_worklet.html:0
[  171135ms] [ERROR] Attestation check for Shared Storage on https://www.googleadservices.com failed. @ https://www.googleadservices.com/pagead/managed/js/activeview/current/reach_worklet.html:0
[  196541ms] [ERROR] Attestation check for Shared Storage on https://www.googleadservices.com failed. @ https://www.googleadservices.com/pagead/managed/js/activeview/current/reach_worklet.html:0
[  197002ms] [ERROR] Attestation check for Shared Storage on https://www.googleadservices.com failed. @ https://www.googleadservices.com/pagead/managed/js/activeview/current/reach_worklet.html:0
[  197125ms] [ERROR] Attestation check for Shared Storage on https://www.googleadservices.com failed. @ https://www.googleadservices.com/pagead/managed/js/activeview/current/reach_worklet.html:0
[  223584ms] [ERROR] Attestation check for Shared Storage on https://www.googleadservices.com failed. @ https://www.googleadservices.com/pagead/managed/js/activeview/current/reach_worklet.html:0
[  223747ms] [ERROR] Attestation check for Shared Storage on https://www.googleadservices.com failed. @ https://www.googleadservices.com/pagead/managed/js/activeview/current/reach_worklet.html:0
[  223773ms] [ERROR] Attestation check for Shared Storage on https://www.googleadservices.com failed. @ https://www.googleadservices.com/pagead/managed/js/activeview/current/reach_worklet.html:0
[  251087ms] [ERROR] Attestation check for Shared Storage on https://www.googleadservices.com failed. @ https://www.googleadservices.com/pagead/managed/js/activeview/current/reach_worklet.html:0
[  251117ms] [ERROR] Attestation check for Shared Storage on https://www.googleadservices.com failed. @ https://www.googleadservices.com/pagead/managed/js/activeview/current/reach_worklet.html:0
[  251138ms] [ERROR] Attestation check for Shared Storage on https://www.googleadservices.com failed. @ https://www.googleadservices.com/pagead/managed/js/activeview/current/reach_worklet.html:0
[  277158ms] [ERROR] Attestation check for Shared Storage on https://www.googleadservices.com failed. @ https://www.googleadservices.com/pagead/managed/js/activeview/current/reach_worklet.html:0
[  277567ms] [ERROR] Attestation check for Shared Storage on https://www.googleadservices.com failed. @ https://www.googleadservices.com/pagead/managed/js/activeview/current/reach_worklet.html:0
[  277974ms] [ERROR] Attestation check for Shared Storage on https://www.googleadservices.com failed. @ https://www.googleadservices.com/pagead/managed/js/activeview/current/reach_worklet.html:0
[  304693ms] [ERROR] Attestation check for Shared Storage on https://www.googleadservices.com failed. @ https://www.googleadservices.com/pagead/managed/js/activeview/current/reach_worklet.html:0
[  304776ms] [ERROR] Attestation check for Shared Storage on https://www.googleadservices.com failed. @ https://www.googleadservices.com/pagead/managed/js/activeview/current/reach_worklet.html:0
[  304836ms] [ERROR] Attestation check for Shared Storage on https://www.googleadservices.com failed. @ https://www.googleadservices.com/pagead/managed/js/activeview/current/reach_worklet.html:0
[  332062ms] [ERROR] Attestation check for Shared Storage on https://www.googleadservices.com failed. @ https://www.googleadservices.com/pagead/managed/js/activeview/current/reach_worklet.html:0
[  332100ms] [ERROR] Attestation check for Shared Storage on https://www.googleadservices.com failed. @ https://www.googleadservices.com/pagead/managed/js/activeview/current/reach_worklet.html:0
[  358764ms] [ERROR] Attestation check for Shared Storage on https://www.googleadservices.com failed. @ https://www.googleadservices.com/pagead/managed/js/activeview/current/reach_worklet.html:0
[  358795ms] [ERROR] Attestation check for Shared Storage on https://www.googleadservices.com failed. @ https://www.googleadservices.com/pagead/managed/js/activeview/current/reach_worklet.html:0
[  358819ms] [ERROR] Attestation check for Shared Storage on https://www.googleadservices.com failed. @ https://www.googleadservices.com/pagead/managed/js/activeview/current/reach_worklet.html:0
[  385098ms] [ERROR] Attestation check for Shared Storage on https://www.googleadservices.com failed. @ https://www.googleadservices.com/pagead/managed/js/activeview/current/reach_worklet.html:0
[    8312ms] [ERROR] Attestation check for Shared Storage on https://www.googleadservices.com failed. @ https://www.googleadservices.com/pagead/managed/js/activeview/current/reach_worklet.html:0
[    8329ms] [ERROR] Attestation check for Shared Storage on https://www.googleadservices.com failed. @ https://www.googleadservices.com/pagead/managed/js/activeview/current/reach_worklet.html:0
[    8331ms] [ERROR] Attestation check for Shared Storage on https://www.googleadservices.com failed. @ https://www.googleadservices.com/pagead/managed/js/activeview/current/reach_worklet.html:0
[    8332ms] [ERROR] Attestation check for Shared Storage on https://www.googleadservices.com failed. @ https://www.googleadservices.com/pagead/managed/js/activeview/current/reach_worklet.html:0
[    8333ms] [ERROR] Attestation check for Shared Storage on https://www.googleadservices.com failed. @ https://www.googleadservices.com/pagead/managed/js/activeview/current/reach_worklet.html:0
[    8334ms] [ERROR] Attestation check for Shared Storage on https://www.googleadservices.com failed. @ https://www.googleadservices.com/pagead/managed/js/activeview/current/reach_worklet.html:0
[   35267ms] [ERROR] Attestation check for Shared Storage on https://www.googleadservices.com failed. @ https://www.googleadservices.com/pagead/managed/js/activeview/current/reach_worklet.html:0
[   35338ms] [ERROR] Attestation check for Shared Storage on https://www.googleadservices.com failed. @ https://www.googleadservices.com/pagead/managed/js/activeview/current/reach_worklet.html:0
[   35365ms] [ERROR] Attestation check for Shared Storage on https://www.googleadservices.com failed. @ https://www.googleadservices.com/pagead/managed/js/activeview/current/reach_worklet.html:0
[   62196ms] [ERROR] Attestation check for Shared Storage on https://www.googleadservices.com failed. @ https://www.googleadservices.com/pagead/managed/js/activeview/current/reach_worklet.html:0
[   63367ms] [ERROR] Attestation check for Shared Storage on https://www.googleadservices.com failed. @ https://www.googleadservices.com/pagead/managed/js/activeview/current/reach_worklet.html:0
[   63397ms] [ERROR] Attestation check for Shared Storage on https://www.googleadservices.com failed. @ https://www.googleadservices.com/pagead/managed/js/activeview/current/reach_worklet.html:0
[   88960ms] [ERROR] Attestation check for Shared Storage on https://www.googleadservices.com failed. @ https://www.googleadservices.com/pagead/managed/js/activeview/current/reach_worklet.html:0
[   89008ms] [ERROR] Attestation check for Shared Storage on https://www.googleadservices.com failed. @ https://www.googleadservices.com/pagead/managed/js/activeview/current/reach_worklet.html:0
[   89040ms] [ERROR] Attestation check for Shared Storage on https://www.googleadservices.com failed. @ https://www.googleadservices.com/pagead/managed/js/activeview/current/reach_worklet.html:0
[  115398ms] [ERROR] Attestation check for Shared Storage on https://www.googleadservices.com failed. @ https://www.googleadservices.com/pagead/managed/js/activeview/current/reach_worklet.html:0
[  115427ms] [ERROR] Attestation check for Shared Storage on https://www.googleadservices.com failed. @ https://www.googleadservices.com/pagead/managed/js/activeview/current/reach_worklet.html:0
[  118742ms] [ERROR] Attestation check for Shared Storage on https://www.googleadservices.com failed. @ https://www.googleadservices.com/pagead/managed/js/activeview/current/reach_worklet.html:0
[  143464ms] [ERROR] Attestation check for Shared Storage on https://www.googleadservices.com failed. @ https://www.googleadservices.com/pagead/managed/js/activeview/current/reach_worklet.html:0
[  143486ms] [ERROR] Attestation check for Shared Storage on https://www.googleadservices.com failed. @ https://www.googleadservices.com/pagead/managed/js/activeview/current/reach_worklet.html:0
[  143508ms] [ERROR] Attestation check for Shared Storage on https://www.googleadservices.com failed. @ https://www.googleadservices.com/pagead/managed/js/activeview/current/reach_worklet.html:0
[  169791ms] [ERROR] Attestation check for Shared Storage on https://www.googleadservices.com failed. @ https://www.googleadservices.com/pagead/managed/js/activeview/current/reach_worklet.html:0
[  169816ms] [ERROR] Attestation check for Shared Storage on https://www.googleadservices.com failed. @ https://www.googleadservices.com/pagead/managed/js/activeview/current/reach_worklet.html:0
[  171135ms] [ERROR] Attestation check for Shared Storage on https://www.googleadservices.com failed. @ https://www.googleadservices.com/pagead/managed/js/activeview/current/reach_worklet.html:0
[  196541ms] [ERROR] Attestation check for Shared Storage on https://www.googleadservices.com failed. @ https://www.googleadservices.com/pagead/managed/js/activeview/current/reach_worklet.html:0
[  197002ms] [ERROR] Attestation check for Shared Storage on https://www.googleadservices.com failed. @ https://www.googleadservices.com/pagead/managed/js/activeview/current/reach_worklet.html:0
[  197125ms] [ERROR] Attestation check for Shared Storage on https://www.googleadservices.com failed. @ https://www.googleadservices.com/pagead/managed/js/activeview/current/reach_worklet.html:0
[  223584ms] [ERROR] Attestation check for Shared Storage on https://www.googleadservices.com failed. @ https://www.googleadservices.com/pagead/managed/js/activeview/current/reach_worklet.html:0
[  223747ms] [ERROR] Attestation check for Shared Storage on https://www.googleadservices.com failed. @ https://www.googleadservices.com/pagead/managed/js/activeview/current/reach_worklet.html:0
[  223773ms] [ERROR] Attestation check for Shared Storage on https://www.googleadservices.com failed. @ https://www.googleadservices.com/pagead/managed/js/activeview/current/reach_worklet.html:0
[  251087ms] [ERROR] Attestation check for Shared Storage on https://www.googleadservices.com failed. @ https://www.googleadservices.com/pagead/managed/js/activeview/current/reach_worklet.html:0
[  251117ms] [ERROR] Attestation check for Shared Storage on https://www.googleadservices.com failed. @ https://www.googleadservices.com/pagead/managed/js/activeview/current/reach_worklet.html:0
[  251138ms] [ERROR] Attestation check for Shared Storage on https://www.googleadservices.com failed. @ https://www.googleadservices.com/pagead/managed/js/activeview/current/reach_worklet.html:0
[  277158ms] [ERROR] Attestation check for Shared Storage on https://www.googleadservices.com failed. @ https://www.googleadservices.com/pagead/managed/js/activeview/current/reach_worklet.html:0
[  277567ms] [ERROR] Attestation check for Shared Storage on https://www.googleadservices.com failed. @ https://www.googleadservices.com/pagead/managed/js/activeview/current/reach_worklet.html:0
[  277974ms] [ERROR] Attestation check for Shared Storage on https://www.googleadservices.com failed. @ https://www.googleadservices.com/pagead/managed/js/activeview/current/reach_worklet.html:0
[  304693ms] [ERROR] Attestation check for Shared Storage on https://www.googleadservices.com failed. @ https://www.googleadservices.com/pagead/managed/js/activeview/current/reach_worklet.html:0
[  304776ms] [ERROR] Attestation check for Shared Storage on https://www.googleadservices.com failed. @ https://www.googleadservices.com/pagead/managed/js/activeview/current/reach_worklet.html:0
[  304836ms] [ERROR] Attestation check for Shared Storage on https://www.googleadservices.com failed. @ https://www.googleadservices.com/pagead/managed/js/activeview/current/reach_worklet.html:0
[  332062ms] [ERROR] Attestation check for Shared Storage on https://www.googleadservices.com failed. @ https://www.googleadservices.com/pagead/managed/js/activeview/current/reach_worklet.html:0
[  332100ms] [ERROR] Attestation check for Shared Storage on https://www.googleadservices.com failed. @ https://www.googleadservices.com/pagead/managed/js/activeview/current/reach_worklet.html:0
[  358764ms] [ERROR] Attestation check for Shared Storage on https://www.googleadservices.com failed. @ https://www.googleadservices.com/pagead/managed/js/activeview/current/reach_worklet.html:0
[  358795ms] [ERROR] Attestation check for Shared Storage on https://www.googleadservices.com failed. @ https://www.googleadservices.com/pagead/managed/js/activeview/current/reach_worklet.html:0
[  358819ms] [ERROR] Attestation check for Shared Storage on https://www.googleadservices.com failed. @ https://www.googleadservices.com/pagead/managed/js/activeview/current/reach_worklet.html:0
[  385098ms] [ERROR] Attestation check for Shared Storage on https://www.googleadservices.com failed. @ https://www.googleadservices.com/pagead/managed/js/activeview/current/reach_worklet.html:0
[  385423ms] [ERROR] Attestation check for Shared Storage on https://www.googleadservices.com failed. @ https://www.googleadservices.com/pagead/managed/js/activeview/current/reach_worklet.html:0
[  385455ms] [ERROR] Attestation check for Shared Storage on https://www.googleadservices.com failed. @ https://www.googleadservices.com/pagead/managed/js/activeview/current/reach_worklet.html:0
[  410996ms] [ERROR] Failed to load resource: net::ERR_CONNECTION_REFUSED @ https://ssc.33across.com/api/v1/hb?guid=btGMK4vGGr8BLMrkHcnlKl:0
[  411126ms] [ERROR] Failed to load resource: net::ERR_CONNECTION_REFUSED @ https://rt.marphezis.com/hb:0
[  411130ms] [ERROR] Failed to load resource: net::ERR_CONNECTION_REFUSED @ https://rt.marphezis.com/prebid/error:0
[  411188ms] [ERROR] Failed to load resource: net::ERR_CONNECTION_REFUSED @ https://rt.marphezis.com/hb:0
[  411189ms] [ERROR] Failed to load resource: net::ERR_CONNECTION_REFUSED @ https://ssc.33across.com/api/v1/hb?guid=btGMK4vGGr8BLMrkHcnlKl:0
[  411190ms] [ERROR] Failed to load resource: net::ERR_CONNECTION_REFUSED @ https://rt.marphezis.com/prebid/error:0
[  411252ms] [ERROR] Failed to load resource: net::ERR_CONNECTION_REFUSED @ https://rt.marphezis.com/hb:0
[  411252ms] [ERROR] Failed to load resource: net::ERR_CONNECTION_REFUSED @ https://ssc.33across.com/api/v1/hb?guid=btGMK4vGGr8BLMrkHcnlKl:0
[  411260ms] [ERROR] Failed to load resource: net::ERR_CONNECTION_REFUSED @ https://rt.marphezis.com/prebid/error:0
[  411873ms] [ERROR] Access to fetch at 'https://hb-api.omnitagjs.com/hb-api/prebid/v1?RefererUrl=https%3A%2F%2Fwww.rtings.com%2Fmonitor%2Freviews%2Fdell%2Fu2718q&PageUrl=https%3A%2F%2Fwww.rtings.com%2Fmonitor%2Freviews%2Fdell%2Fu2718q&PageReferrer=https%3A%2F%2Fwww.rtings.com%2Fmonitor%2Freviews%2Fdell%2Fu2718q&CanonicalUrl=https%3A%2F%2Fwww.rtings.com%2Fmonitor%2Freviews%2Fdell%2Fu2718q' from origin 'https://www.rtings.com' has been blocked by CORS policy: No 'Access-Control-Allow-Origin' header is present on the requested resource. @ https://www.rtings.com/monitor/reviews/dell/u2718q:0
[  411874ms] [ERROR] Failed to load resource: net::ERR_FAILED @ https://hb-api.omnitagjs.com/hb-api/prebid/v1?RefererUrl=https%3A%2F%2Fwww.rtings.com%2Fmonitor%2Freviews%2Fdell%2Fu2718q&PageUrl=https%3A%2F%2Fwww.rtings.com%2Fmonitor%2Freviews%2Fdell%2Fu2718q&PageReferrer=https%3A%2F%2Fwww.rtings.com%2Fmonitor%2Freviews%2Fdell%2Fu2718q&CanonicalUrl=https%3A%2F%2Fwww.rtings.com%2Fmonitor%2Freviews%2Fdell%2Fu2718q:0
[  411923ms] [ERROR] Access to fetch at 'https://hb-api.omnitagjs.com/hb-api/prebid/v1?RefererUrl=https%3A%2F%2Fwww.rtings.com%2Fmonitor%2Freviews%2Fdell%2Fu2718q&PageUrl=https%3A%2F%2Fwww.rtings.com%2Fmonitor%2Freviews%2Fdell%2Fu2718q&PageReferrer=https%3A%2F%2Fwww.rtings.com%2Fmonitor%2Freviews%2Fdell%2Fu2718q&CanonicalUrl=https%3A%2F%2Fwww.rtings.com%2Fmonitor%2Freviews%2Fdell%2Fu2718q' from origin 'https://www.rtings.com' has been blocked by CORS policy: No 'Access-Control-Allow-Origin' header is present on the requested resource. @ https://www.rtings.com/monitor/reviews/dell/u2718q:0
[  411923ms] [ERROR] Failed to load resource: net::ERR_FAILED @ https://hb-api.omnitagjs.com/hb-api/prebid/v1?RefererUrl=https%3A%2F%2Fwww.rtings.com%2Fmonitor%2Freviews%2Fdell%2Fu2718q&PageUrl=https%3A%2F%2Fwww.rtings.com%2Fmonitor%2Freviews%2Fdell%2Fu2718q&PageReferrer=https%3A%2F%2Fwww.rtings.com%2Fmonitor%2Freviews%2Fdell%2Fu2718q&CanonicalUrl=https%3A%2F%2Fwww.rtings.com%2Fmonitor%2Freviews%2Fdell%2Fu2718q:0
[  411971ms] [ERROR] Access to fetch at 'https://hb-api.omnitagjs.com/hb-api/prebid/v1?RefererUrl=https%3A%2F%2Fwww.rtings.com%2Fmonitor%2Freviews%2Fdell%2Fu2718q&PageUrl=https%3A%2F%2Fwww.rtings.com%2Fmonitor%2Freviews%2Fdell%2Fu2718q&PageReferrer=https%3A%2F%2Fwww.rtings.com%2Fmonitor%2Freviews%2Fdell%2Fu2718q&CanonicalUrl=https%3A%2F%2Fwww.rtings.com%2Fmonitor%2Freviews%2Fdell%2Fu2718q' from origin 'https://www.rtings.com' has been blocked by CORS policy: No 'Access-Control-Allow-Origin' header is present on the requested resource. @ https://www.rtings.com/monitor/reviews/dell/u2718q:0
[  411971ms] [ERROR] Failed to load resource: net::ERR_FAILED @ https://hb-api.omnitagjs.com/hb-api/prebid/v1?RefererUrl=https%3A%2F%2Fwww.rtings.com%2Fmonitor%2Freviews%2Fdell%2Fu2718q&PageUrl=https%3A%2F%2Fwww.rtings.com%2Fmonitor%2Freviews%2Fdell%2Fu2718q&PageReferrer=https%3A%2F%2Fwww.rtings.com%2Fmonitor%2Freviews%2Fdell%2Fu2718q&CanonicalUrl=https%3A%2F%2Fwww.rtings.com%2Fmonitor%2Freviews%2Fdell%2Fu2718q:0
[    8312ms] [ERROR] Attestation check for Shared Storage on https://www.googleadservices.com failed. @ https://www.googleadservices.com/pagead/managed/js/activeview/current/reach_worklet.html:0
[    8329ms] [ERROR] Attestation check for Shared Storage on https://www.googleadservices.com failed. @ https://www.googleadservices.com/pagead/managed/js/activeview/current/reach_worklet.html:0
[    8331ms] [ERROR] Attestation check for Shared Storage on https://www.googleadservices.com failed. @ https://www.googleadservices.com/pagead/managed/js/activeview/current/reach_worklet.html:0
[    8332ms] [ERROR] Attestation check for Shared Storage on https://www.googleadservices.com failed. @ https://www.googleadservices.com/pagead/managed/js/activeview/current/reach_worklet.html:0
[    8333ms] [ERROR] Attestation check for Shared Storage on https://www.googleadservices.com failed. @ https://www.googleadservices.com/pagead/managed/js/activeview/current/reach_worklet.html:0
[    8334ms] [ERROR] Attestation check for Shared Storage on https://www.googleadservices.com failed. @ https://www.googleadservices.com/pagead/managed/js/activeview/current/reach_worklet.html:0
[   35267ms] [ERROR] Attestation check for Shared Storage on https://www.googleadservices.com failed. @ https://www.googleadservices.com/pagead/managed/js/activeview/current/reach_worklet.html:0
[   35338ms] [ERROR] Attestation check for Shared Storage on https://www.googleadservices.com failed. @ https://www.googleadservices.com/pagead/managed/js/activeview/current/reach_worklet.html:0
[   35365ms] [ERROR] Attestation check for Shared Storage on https://www.googleadservices.com failed. @ https://www.googleadservices.com/pagead/managed/js/activeview/current/reach_worklet.html:0
[   62196ms] [ERROR] Attestation check for Shared Storage on https://www.googleadservices.com failed. @ https://www.googleadservices.com/pagead/managed/js/activeview/current/reach_worklet.html:0
[   63367ms] [ERROR] Attestation check for Shared Storage on https://www.googleadservices.com failed. @ https://www.googleadservices.com/pagead/managed/js/activeview/current/reach_worklet.html:0
[   63397ms] [ERROR] Attestation check for Shared Storage on https://www.googleadservices.com failed. @ https://www.googleadservices.com/pagead/managed/js/activeview/current/reach_worklet.html:0
[   88960ms] [ERROR] Attestation check for Shared Storage on https://www.googleadservices.com failed. @ https://www.googleadservices.com/pagead/managed/js/activeview/current/reach_worklet.html:0
[   89008ms] [ERROR] Attestation check for Shared Storage on https://www.googleadservices.com failed. @ https://www.googleadservices.com/pagead/managed/js/activeview/current/reach_worklet.html:0
[   89040ms] [ERROR] Attestation check for Shared Storage on https://www.googleadservices.com failed. @ https://www.googleadservices.com/pagead/managed/js/activeview/current/reach_worklet.html:0
[  115398ms] [ERROR] Attestation check for Shared Storage on https://www.googleadservices.com failed. @ https://www.googleadservices.com/pagead/managed/js/activeview/current/reach_worklet.html:0
[  115427ms] [ERROR] Attestation check for Shared Storage on https://www.googleadservices.com failed. @ https://www.googleadservices.com/pagead/managed/js/activeview/current/reach_worklet.html:0
[  118742ms] [ERROR] Attestation check for Shared Storage on https://www.googleadservices.com failed. @ https://www.googleadservices.com/pagead/managed/js/activeview/current/reach_worklet.html:0
[  143464ms] [ERROR] Attestation check for Shared Storage on https://www.googleadservices.com failed. @ https://www.googleadservices.com/pagead/managed/js/activeview/current/reach_worklet.html:0
[  143486ms] [ERROR] Attestation check for Shared Storage on https://www.googleadservices.com failed. @ https://www.googleadservices.com/pagead/managed/js/activeview/current/reach_worklet.html:0
[  143508ms] [ERROR] Attestation check for Shared Storage on https://www.googleadservices.com failed. @ https://www.googleadservices.com/pagead/managed/js/activeview/current/reach_worklet.html:0
[  169791ms] [ERROR] Attestation check for Shared Storage on https://www.googleadservices.com failed. @ https://www.googleadservices.com/pagead/managed/js/activeview/current/reach_worklet.html:0
[  169816ms] [ERROR] Attestation check for Shared Storage on https://www.googleadservices.com failed. @ https://www.googleadservices.com/pagead/managed/js/activeview/current/reach_worklet.html:0
[  171135ms] [ERROR] Attestation check for Shared Storage on https://www.googleadservices.com failed. @ https://www.googleadservices.com/pagead/managed/js/activeview/current/reach_worklet.html:0
[  196541ms] [ERROR] Attestation check for Shared Storage on https://www.googleadservices.com failed. @ https://www.googleadservices.com/pagead/managed/js/activeview/current/reach_worklet.html:0
[  197002ms] [ERROR] Attestation check for Shared Storage on https://www.googleadservices.com failed. @ https://www.googleadservices.com/pagead/managed/js/activeview/current/reach_worklet.html:0
[  197125ms] [ERROR] Attestation check for Shared Storage on https://www.googleadservices.com failed. @ https://www.googleadservices.com/pagead/managed/js/activeview/current/reach_worklet.html:0
[  223584ms] [ERROR] Attestation check for Shared Storage on https://www.googleadservices.com failed. @ https://www.googleadservices.com/pagead/managed/js/activeview/current/reach_worklet.html:0
[  223747ms] [ERROR] Attestation check for Shared Storage on https://www.googleadservices.com failed. @ https://www.googleadservices.com/pagead/managed/js/activeview/current/reach_worklet.html:0
[  223773ms] [ERROR] Attestation check for Shared Storage on https://www.googleadservices.com failed. @ https://www.googleadservices.com/pagead/managed/js/activeview/current/reach_worklet.html:0
[  251087ms] [ERROR] Attestation check for Shared Storage on https://www.googleadservices.com failed. @ https://www.googleadservices.com/pagead/managed/js/activeview/current/reach_worklet.html:0
[  251117ms] [ERROR] Attestation check for Shared Storage on https://www.googleadservices.com failed. @ https://www.googleadservices.com/pagead/managed/js/activeview/current/reach_worklet.html:0
[  251138ms] [ERROR] Attestation check for Shared Storage on https://www.googleadservices.com failed. @ https://www.googleadservices.com/pagead/managed/js/activeview/current/reach_worklet.html:0
[  277158ms] [ERROR] Attestation check for Shared Storage on https://www.googleadservices.com failed. @ https://www.googleadservices.com/pagead/managed/js/activeview/current/reach_worklet.html:0
[  277567ms] [ERROR] Attestation check for Shared Storage on https://www.googleadservices.com failed. @ https://www.googleadservices.com/pagead/managed/js/activeview/current/reach_worklet.html:0
[  277974ms] [ERROR] Attestation check for Shared Storage on https://www.googleadservices.com failed. @ https://www.googleadservices.com/pagead/managed/js/activeview/current/reach_worklet.html:0
[  304693ms] [ERROR] Attestation check for Shared Storage on https://www.googleadservices.com failed. @ https://www.googleadservices.com/pagead/managed/js/activeview/current/reach_worklet.html:0
[  304776ms] [ERROR] Attestation check for Shared Storage on https://www.googleadservices.com failed. @ https://www.googleadservices.com/pagead/managed/js/activeview/current/reach_worklet.html:0
[  304836ms] [ERROR] Attestation check for Shared Storage on https://www.googleadservices.com failed. @ https://www.googleadservices.com/pagead/managed/js/activeview/current/reach_worklet.html:0
[  332062ms] [ERROR] Attestation check for Shared Storage on https://www.googleadservices.com failed. @ https://www.googleadservices.com/pagead/managed/js/activeview/current/reach_worklet.html:0
[  332100ms] [ERROR] Attestation check for Shared Storage on https://www.googleadservices.com failed. @ https://www.googleadservices.com/pagead/managed/js/activeview/current/reach_worklet.html:0
[  358764ms] [ERROR] Attestation check for Shared Storage on https://www.googleadservices.com failed. @ https://www.googleadservices.com/pagead/managed/js/activeview/current/reach_worklet.html:0
[  358795ms] [ERROR] Attestation check for Shared Storage on https://www.googleadservices.com failed. @ https://www.googleadservices.com/pagead/managed/js/activeview/current/reach_worklet.html:0
[  358819ms] [ERROR] Attestation check for Shared Storage on https://www.googleadservices.com failed. @ https://www.googleadservices.com/pagead/managed/js/activeview/current/reach_worklet.html:0
[  385098ms] [ERROR] Attestation check for Shared Storage on https://www.googleadservices.com failed. @ https://www.googleadservices.com/pagead/managed/js/activeview/current/reach_worklet.html:0
[  385423ms] [ERROR] Attestation check for Shared Storage on https://www.googleadservices.com failed. @ https://www.googleadservices.com/pagead/managed/js/activeview/current/reach_worklet.html:0
[  385455ms] [ERROR] Attestation check for Shared Storage on https://www.googleadservices.com failed. @ https://www.googleadservices.com/pagead/managed/js/activeview/current/reach_worklet.html:0
[    8312ms] [ERROR] Attestation check for Shared Storage on https://www.googleadservices.com failed. @ https://www.googleadservices.com/pagead/managed/js/activeview/current/reach_worklet.html:0
[    8329ms] [ERROR] Attestation check for Shared Storage on https://www.googleadservices.com failed. @ https://www.googleadservices.com/pagead/managed/js/activeview/current/reach_worklet.html:0
[    8331ms] [ERROR] Attestation check for Shared Storage on https://www.googleadservices.com failed. @ https://www.googleadservices.com/pagead/managed/js/activeview/current/reach_worklet.html:0
[    8332ms] [ERROR] Attestation check for Shared Storage on https://www.googleadservices.com failed. @ https://www.googleadservices.com/pagead/managed/js/activeview/current/reach_worklet.html:0
[    8333ms] [ERROR] Attestation check for Shared Storage on https://www.googleadservices.com failed. @ https://www.googleadservices.com/pagead/managed/js/activeview/current/reach_worklet.html:0
[    8334ms] [ERROR] Attestation check for Shared Storage on https://www.googleadservices.com failed. @ https://www.googleadservices.com/pagead/managed/js/activeview/current/reach_worklet.html:0
[   35267ms] [ERROR] Attestation check for Shared Storage on https://www.googleadservices.com failed. @ https://www.googleadservices.com/pagead/managed/js/activeview/current/reach_worklet.html:0
[   35338ms] [ERROR] Attestation check for Shared Storage on https://www.googleadservices.com failed. @ https://www.googleadservices.com/pagead/managed/js/activeview/current/reach_worklet.html:0
[   35365ms] [ERROR] Attestation check for Shared Storage on https://www.googleadservices.com failed. @ https://www.googleadservices.com/pagead/managed/js/activeview/current/reach_worklet.html:0
[   62196ms] [ERROR] Attestation check for Shared Storage on https://www.googleadservices.com failed. @ https://www.googleadservices.com/pagead/managed/js/activeview/current/reach_worklet.html:0
[   63367ms] [ERROR] Attestation check for Shared Storage on https://www.googleadservices.com failed. @ https://www.googleadservices.com/pagead/managed/js/activeview/current/reach_worklet.html:0
[   63397ms] [ERROR] Attestation check for Shared Storage on https://www.googleadservices.com failed. @ https://www.googleadservices.com/pagead/managed/js/activeview/current/reach_worklet.html:0
[   88960ms] [ERROR] Attestation check for Shared Storage on https://www.googleadservices.com failed. @ https://www.googleadservices.com/pagead/managed/js/activeview/current/reach_worklet.html:0
[   89008ms] [ERROR] Attestation check for Shared Storage on https://www.googleadservices.com failed. @ https://www.googleadservices.com/pagead/managed/js/activeview/current/reach_worklet.html:0
[   89040ms] [ERROR] Attestation check for Shared Storage on https://www.googleadservices.com failed. @ https://www.googleadservices.com/pagead/managed/js/activeview/current/reach_worklet.html:0
[  115398ms] [ERROR] Attestation check for Shared Storage on https://www.googleadservices.com failed. @ https://www.googleadservices.com/pagead/managed/js/activeview/current/reach_worklet.html:0
[  115427ms] [ERROR] Attestation check for Shared Storage on https://www.googleadservices.com failed. @ https://www.googleadservices.com/pagead/managed/js/activeview/current/reach_worklet.html:0
[  118742ms] [ERROR] Attestation check for Shared Storage on https://www.googleadservices.com failed. @ https://www.googleadservices.com/pagead/managed/js/activeview/current/reach_worklet.html:0
[  143464ms] [ERROR] Attestation check for Shared Storage on https://www.googleadservices.com failed. @ https://www.googleadservices.com/pagead/managed/js/activeview/current/reach_worklet.html:0
[  143486ms] [ERROR] Attestation check for Shared Storage on https://www.googleadservices.com failed. @ https://www.googleadservices.com/pagead/managed/js/activeview/current/reach_worklet.html:0
[  143508ms] [ERROR] Attestation check for Shared Storage on https://www.googleadservices.com failed. @ https://www.googleadservices.com/pagead/managed/js/activeview/current/reach_worklet.html:0
[  169791ms] [ERROR] Attestation check for Shared Storage on https://www.googleadservices.com failed. @ https://www.googleadservices.com/pagead/managed/js/activeview/current/reach_worklet.html:0
[  169816ms] [ERROR] Attestation check for Shared Storage on https://www.googleadservices.com failed. @ https://www.googleadservices.com/pagead/managed/js/activeview/current/reach_worklet.html:0
[  171135ms] [ERROR] Attestation check for Shared Storage on https://www.googleadservices.com failed. @ https://www.googleadservices.com/pagead/managed/js/activeview/current/reach_worklet.html:0
[  196541ms] [ERROR] Attestation check for Shared Storage on https://www.googleadservices.com failed. @ https://www.googleadservices.com/pagead/managed/js/activeview/current/reach_worklet.html:0
[  197002ms] [ERROR] Attestation check for Shared Storage on https://www.googleadservices.com failed. @ https://www.googleadservices.com/pagead/managed/js/activeview/current/reach_worklet.html:0
[  197125ms] [ERROR] Attestation check for Shared Storage on https://www.googleadservices.com failed. @ https://www.googleadservices.com/pagead/managed/js/activeview/current/reach_worklet.html:0
[  223584ms] [ERROR] Attestation check for Shared Storage on https://www.googleadservices.com failed. @ https://www.googleadservices.com/pagead/managed/js/activeview/current/reach_worklet.html:0
[  223747ms] [ERROR] Attestation check for Shared Storage on https://www.googleadservices.com failed. @ https://www.googleadservices.com/pagead/managed/js/activeview/current/reach_worklet.html:0
[  223773ms] [ERROR] Attestation check for Shared Storage on https://www.googleadservices.com failed. @ https://www.googleadservices.com/pagead/managed/js/activeview/current/reach_worklet.html:0
[  251087ms] [ERROR] Attestation check for Shared Storage on https://www.googleadservices.com failed. @ https://www.googleadservices.com/pagead/managed/js/activeview/current/reach_worklet.html:0
[  251117ms] [ERROR] Attestation check for Shared Storage on https://www.googleadservices.com failed. @ https://www.googleadservices.com/pagead/managed/js/activeview/current/reach_worklet.html:0
[  251138ms] [ERROR] Attestation check for Shared Storage on https://www.googleadservices.com failed. @ https://www.googleadservices.com/pagead/managed/js/activeview/current/reach_worklet.html:0
[  277158ms] [ERROR] Attestation check for Shared Storage on https://www.googleadservices.com failed. @ https://www.googleadservices.com/pagead/managed/js/activeview/current/reach_worklet.html:0
[  277567ms] [ERROR] Attestation check for Shared Storage on https://www.googleadservices.com failed. @ https://www.googleadservices.com/pagead/managed/js/activeview/current/reach_worklet.html:0
[  277974ms] [ERROR] Attestation check for Shared Storage on https://www.googleadservices.com failed. @ https://www.googleadservices.com/pagead/managed/js/activeview/current/reach_worklet.html:0
[  304693ms] [ERROR] Attestation check for Shared Storage on https://www.googleadservices.com failed. @ https://www.googleadservices.com/pagead/managed/js/activeview/current/reach_worklet.html:0
[  304776ms] [ERROR] Attestation check for Shared Storage on https://www.googleadservices.com failed. @ https://www.googleadservices.com/pagead/managed/js/activeview/current/reach_worklet.html:0
[  304836ms] [ERROR] Attestation check for Shared Storage on https://www.googleadservices.com failed. @ https://www.googleadservices.com/pagead/managed/js/activeview/current/reach_worklet.html:0
[  332062ms] [ERROR] Attestation check for Shared Storage on https://www.googleadservices.com failed. @ https://www.googleadservices.com/pagead/managed/js/activeview/current/reach_worklet.html:0
[  332100ms] [ERROR] Attestation check for Shared Storage on https://www.googleadservices.com failed. @ https://www.googleadservices.com/pagead/managed/js/activeview/current/reach_worklet.html:0
[  358764ms] [ERROR] Attestation check for Shared Storage on https://www.googleadservices.com failed. @ https://www.googleadservices.com/pagead/managed/js/activeview/current/reach_worklet.html:0
[  358795ms] [ERROR] Attestation check for Shared Storage on https://www.googleadservices.com failed. @ https://www.googleadservices.com/pagead/managed/js/activeview/current/reach_worklet.html:0
[  358819ms] [ERROR] Attestation check for Shared Storage on https://www.googleadservices.com failed. @ https://www.googleadservices.com/pagead/managed/js/activeview/current/reach_worklet.html:0
[  385098ms] [ERROR] Attestation check for Shared Storage on https://www.googleadservices.com failed. @ https://www.googleadservices.com/pagead/managed/js/activeview/current/reach_worklet.html:0
[  385423ms] [ERROR] Attestation check for Shared Storage on https://www.googleadservices.com failed. @ https://www.googleadservices.com/pagead/managed/js/activeview/current/reach_worklet.html:0
[  385455ms] [ERROR] Attestation check for Shared Storage on https://www.googleadservices.com failed. @ https://www.googleadservices.com/pagead/managed/js/activeview/current/reach_worklet.html:0
[  412655ms] [ERROR] Attestation check for Shared Storage on https://www.googleadservices.com failed. @ https://www.googleadservices.com/pagead/managed/js/activeview/current/reach_worklet.html:0
[    8312ms] [ERROR] Attestation check for Shared Storage on https://www.googleadservices.com failed. @ https://www.googleadservices.com/pagead/managed/js/activeview/current/reach_worklet.html:0
[    8329ms] [ERROR] Attestation check for Shared Storage on https://www.googleadservices.com failed. @ https://www.googleadservices.com/pagead/managed/js/activeview/current/reach_worklet.html:0
[    8331ms] [ERROR] Attestation check for Shared Storage on https://www.googleadservices.com failed. @ https://www.googleadservices.com/pagead/managed/js/activeview/current/reach_worklet.html:0
[    8332ms] [ERROR] Attestation check for Shared Storage on https://www.googleadservices.com failed. @ https://www.googleadservices.com/pagead/managed/js/activeview/current/reach_worklet.html:0
[    8333ms] [ERROR] Attestation check for Shared Storage on https://www.googleadservices.com failed. @ https://www.googleadservices.com/pagead/managed/js/activeview/current/reach_worklet.html:0
[    8334ms] [ERROR] Attestation check for Shared Storage on https://www.googleadservices.com failed. @ https://www.googleadservices.com/pagead/managed/js/activeview/current/reach_worklet.html:0
[   35267ms] [ERROR] Attestation check for Shared Storage on https://www.googleadservices.com failed. @ https://www.googleadservices.com/pagead/managed/js/activeview/current/reach_worklet.html:0
[   35338ms] [ERROR] Attestation check for Shared Storage on https://www.googleadservices.com failed. @ https://www.googleadservices.com/pagead/managed/js/activeview/current/reach_worklet.html:0
[   35365ms] [ERROR] Attestation check for Shared Storage on https://www.googleadservices.com failed. @ https://www.googleadservices.com/pagead/managed/js/activeview/current/reach_worklet.html:0
[   62196ms] [ERROR] Attestation check for Shared Storage on https://www.googleadservices.com failed. @ https://www.googleadservices.com/pagead/managed/js/activeview/current/reach_worklet.html:0
[   63367ms] [ERROR] Attestation check for Shared Storage on https://www.googleadservices.com failed. @ https://www.googleadservices.com/pagead/managed/js/activeview/current/reach_worklet.html:0
[   63397ms] [ERROR] Attestation check for Shared Storage on https://www.googleadservices.com failed. @ https://www.googleadservices.com/pagead/managed/js/activeview/current/reach_worklet.html:0
[   88960ms] [ERROR] Attestation check for Shared Storage on https://www.googleadservices.com failed. @ https://www.googleadservices.com/pagead/managed/js/activeview/current/reach_worklet.html:0
[   89008ms] [ERROR] Attestation check for Shared Storage on https://www.googleadservices.com failed. @ https://www.googleadservices.com/pagead/managed/js/activeview/current/reach_worklet.html:0
[   89040ms] [ERROR] Attestation check for Shared Storage on https://www.googleadservices.com failed. @ https://www.googleadservices.com/pagead/managed/js/activeview/current/reach_worklet.html:0
[  115398ms] [ERROR] Attestation check for Shared Storage on https://www.googleadservices.com failed. @ https://www.googleadservices.com/pagead/managed/js/activeview/current/reach_worklet.html:0
[  115427ms] [ERROR] Attestation check for Shared Storage on https://www.googleadservices.com failed. @ https://www.googleadservices.com/pagead/managed/js/activeview/current/reach_worklet.html:0
[  118742ms] [ERROR] Attestation check for Shared Storage on https://www.googleadservices.com failed. @ https://www.googleadservices.com/pagead/managed/js/activeview/current/reach_worklet.html:0
[  143464ms] [ERROR] Attestation check for Shared Storage on https://www.googleadservices.com failed. @ https://www.googleadservices.com/pagead/managed/js/activeview/current/reach_worklet.html:0
[  143486ms] [ERROR] Attestation check for Shared Storage on https://www.googleadservices.com failed. @ https://www.googleadservices.com/pagead/managed/js/activeview/current/reach_worklet.html:0
[  143508ms] [ERROR] Attestation check for Shared Storage on https://www.googleadservices.com failed. @ https://www.googleadservices.com/pagead/managed/js/activeview/current/reach_worklet.html:0
[  169791ms] [ERROR] Attestation check for Shared Storage on https://www.googleadservices.com failed. @ https://www.googleadservices.com/pagead/managed/js/activeview/current/reach_worklet.html:0
[  169816ms] [ERROR] Attestation check for Shared Storage on https://www.googleadservices.com failed. @ https://www.googleadservices.com/pagead/managed/js/activeview/current/reach_worklet.html:0
[  171135ms] [ERROR] Attestation check for Shared Storage on https://www.googleadservices.com failed. @ https://www.googleadservices.com/pagead/managed/js/activeview/current/reach_worklet.html:0
[  196541ms] [ERROR] Attestation check for Shared Storage on https://www.googleadservices.com failed. @ https://www.googleadservices.com/pagead/managed/js/activeview/current/reach_worklet.html:0
[  197002ms] [ERROR] Attestation check for Shared Storage on https://www.googleadservices.com failed. @ https://www.googleadservices.com/pagead/managed/js/activeview/current/reach_worklet.html:0
[  197125ms] [ERROR] Attestation check for Shared Storage on https://www.googleadservices.com failed. @ https://www.googleadservices.com/pagead/managed/js/activeview/current/reach_worklet.html:0
[  223584ms] [ERROR] Attestation check for Shared Storage on https://www.googleadservices.com failed. @ https://www.googleadservices.com/pagead/managed/js/activeview/current/reach_worklet.html:0
[  223747ms] [ERROR] Attestation check for Shared Storage on https://www.googleadservices.com failed. @ https://www.googleadservices.com/pagead/managed/js/activeview/current/reach_worklet.html:0
[  223773ms] [ERROR] Attestation check for Shared Storage on https://www.googleadservices.com failed. @ https://www.googleadservices.com/pagead/managed/js/activeview/current/reach_worklet.html:0
[  251087ms] [ERROR] Attestation check for Shared Storage on https://www.googleadservices.com failed. @ https://www.googleadservices.com/pagead/managed/js/activeview/current/reach_worklet.html:0
[  251117ms] [ERROR] Attestation check for Shared Storage on https://www.googleadservices.com failed. @ https://www.googleadservices.com/pagead/managed/js/activeview/current/reach_worklet.html:0
[  251138ms] [ERROR] Attestation check for Shared Storage on https://www.googleadservices.com failed. @ https://www.googleadservices.com/pagead/managed/js/activeview/current/reach_worklet.html:0
[  277158ms] [ERROR] Attestation check for Shared Storage on https://www.googleadservices.com failed. @ https://www.googleadservices.com/pagead/managed/js/activeview/current/reach_worklet.html:0
[  277567ms] [ERROR] Attestation check for Shared Storage on https://www.googleadservices.com failed. @ https://www.googleadservices.com/pagead/managed/js/activeview/current/reach_worklet.html:0
[  277974ms] [ERROR] Attestation check for Shared Storage on https://www.googleadservices.com failed. @ https://www.googleadservices.com/pagead/managed/js/activeview/current/reach_worklet.html:0
[  304693ms] [ERROR] Attestation check for Shared Storage on https://www.googleadservices.com failed. @ https://www.googleadservices.com/pagead/managed/js/activeview/current/reach_worklet.html:0
[  304776ms] [ERROR] Attestation check for Shared Storage on https://www.googleadservices.com failed. @ https://www.googleadservices.com/pagead/managed/js/activeview/current/reach_worklet.html:0
[  304836ms] [ERROR] Attestation check for Shared Storage on https://www.googleadservices.com failed. @ https://www.googleadservices.com/pagead/managed/js/activeview/current/reach_worklet.html:0
[  332062ms] [ERROR] Attestation check for Shared Storage on https://www.googleadservices.com failed. @ https://www.googleadservices.com/pagead/managed/js/activeview/current/reach_worklet.html:0
[  332100ms] [ERROR] Attestation check for Shared Storage on https://www.googleadservices.com failed. @ https://www.googleadservices.com/pagead/managed/js/activeview/current/reach_worklet.html:0
[  358764ms] [ERROR] Attestation check for Shared Storage on https://www.googleadservices.com failed. @ https://www.googleadservices.com/pagead/managed/js/activeview/current/reach_worklet.html:0
[  358795ms] [ERROR] Attestation check for Shared Storage on https://www.googleadservices.com failed. @ https://www.googleadservices.com/pagead/managed/js/activeview/current/reach_worklet.html:0
[  358819ms] [ERROR] Attestation check for Shared Storage on https://www.googleadservices.com failed. @ https://www.googleadservices.com/pagead/managed/js/activeview/current/reach_worklet.html:0
[  385098ms] [ERROR] Attestation check for Shared Storage on https://www.googleadservices.com failed. @ https://www.googleadservices.com/pagead/managed/js/activeview/current/reach_worklet.html:0
[  385423ms] [ERROR] Attestation check for Shared Storage on https://www.googleadservices.com failed. @ https://www.googleadservices.com/pagead/managed/js/activeview/current/reach_worklet.html:0
[  385455ms] [ERROR] Attestation check for Shared Storage on https://www.googleadservices.com failed. @ https://www.googleadservices.com/pagead/managed/js/activeview/current/reach_worklet.html:0
[  412655ms] [ERROR] Attestation check for Shared Storage on https://www.googleadservices.com failed. @ https://www.googleadservices.com/pagead/managed/js/activeview/current/reach_worklet.html:0
[  412712ms] [ERROR] Attestation check for Shared Storage on https://www.googleadservices.com failed. @ https://www.googleadservices.com/pagead/managed/js/activeview/current/reach_worklet.html:0
[  412737ms] [ERROR] Attestation check for Shared Storage on https://www.googleadservices.com failed. @ https://www.googleadservices.com/pagead/managed/js/activeview/current/reach_worklet.html:0
[  438018ms] [ERROR] Failed to load resource: net::ERR_CONNECTION_REFUSED @ https://rt.marphezis.com/hb:0
[  438030ms] [ERROR] Failed to load resource: net::ERR_CONNECTION_REFUSED @ https://ssc.33across.com/api/v1/hb?guid=btGMK4vGGr8BLMrkHcnlKl:0
[  438039ms] [ERROR] Failed to load resource: net::ERR_CONNECTION_REFUSED @ https://rt.marphezis.com/prebid/error:0
[  438194ms] [ERROR] Failed to load resource: net::ERR_CONNECTION_REFUSED @ https://ssc.33across.com/api/v1/hb?guid=btGMK4vGGr8BLMrkHcnlKl:0
[  438194ms] [ERROR] Failed to load resource: net::ERR_CONNECTION_REFUSED @ https://rt.marphezis.com/hb:0
[  438196ms] [ERROR] Failed to load resource: net::ERR_CONNECTION_REFUSED @ https://rt.marphezis.com/prebid/error:0
[  438240ms] [ERROR] Access to fetch at 'https://hb-api.omnitagjs.com/hb-api/prebid/v1?RefererUrl=https%3A%2F%2Fwww.rtings.com%2Fmonitor%2Freviews%2Fdell%2Fu2718q&PageUrl=https%3A%2F%2Fwww.rtings.com%2Fmonitor%2Freviews%2Fdell%2Fu2718q&PageReferrer=https%3A%2F%2Fwww.rtings.com%2Fmonitor%2Freviews%2Fdell%2Fu2718q&CanonicalUrl=https%3A%2F%2Fwww.rtings.com%2Fmonitor%2Freviews%2Fdell%2Fu2718q' from origin 'https://www.rtings.com' has been blocked by CORS policy: No 'Access-Control-Allow-Origin' header is present on the requested resource. @ https://www.rtings.com/monitor/reviews/dell/u2718q:0
[  438240ms] [ERROR] Failed to load resource: net::ERR_FAILED @ https://hb-api.omnitagjs.com/hb-api/prebid/v1?RefererUrl=https%3A%2F%2Fwww.rtings.com%2Fmonitor%2Freviews%2Fdell%2Fu2718q&PageUrl=https%3A%2F%2Fwww.rtings.com%2Fmonitor%2Freviews%2Fdell%2Fu2718q&PageReferrer=https%3A%2F%2Fwww.rtings.com%2Fmonitor%2Freviews%2Fdell%2Fu2718q&CanonicalUrl=https%3A%2F%2Fwww.rtings.com%2Fmonitor%2Freviews%2Fdell%2Fu2718q:0
[  438241ms] [ERROR] Failed to load resource: net::ERR_CONNECTION_REFUSED @ https://ssc.33across.com/api/v1/hb?guid=btGMK4vGGr8BLMrkHcnlKl:0
[  438242ms] [ERROR] Failed to load resource: net::ERR_CONNECTION_REFUSED @ https://rt.marphezis.com/hb:0
[  438252ms] [ERROR] Failed to load resource: net::ERR_CONNECTION_REFUSED @ https://rt.marphezis.com/prebid/error:0
[  438862ms] [ERROR] Access to fetch at 'https://hb-api.omnitagjs.com/hb-api/prebid/v1?RefererUrl=https%3A%2F%2Fwww.rtings.com%2Fmonitor%2Freviews%2Fdell%2Fu2718q&PageUrl=https%3A%2F%2Fwww.rtings.com%2Fmonitor%2Freviews%2Fdell%2Fu2718q&PageReferrer=https%3A%2F%2Fwww.rtings.com%2Fmonitor%2Freviews%2Fdell%2Fu2718q&CanonicalUrl=https%3A%2F%2Fwww.rtings.com%2Fmonitor%2Freviews%2Fdell%2Fu2718q' from origin 'https://www.rtings.com' has been blocked by CORS policy: No 'Access-Control-Allow-Origin' header is present on the requested resource. @ https://www.rtings.com/monitor/reviews/dell/u2718q:0
[  438862ms] [ERROR] Failed to load resource: net::ERR_FAILED @ https://hb-api.omnitagjs.com/hb-api/prebid/v1?RefererUrl=https%3A%2F%2Fwww.rtings.com%2Fmonitor%2Freviews%2Fdell%2Fu2718q&PageUrl=https%3A%2F%2Fwww.rtings.com%2Fmonitor%2Freviews%2Fdell%2Fu2718q&PageReferrer=https%3A%2F%2Fwww.rtings.com%2Fmonitor%2Freviews%2Fdell%2Fu2718q&CanonicalUrl=https%3A%2F%2Fwww.rtings.com%2Fmonitor%2Freviews%2Fdell%2Fu2718q:0
[  438911ms] [ERROR] Access to fetch at 'https://hb-api.omnitagjs.com/hb-api/prebid/v1?RefererUrl=https%3A%2F%2Fwww.rtings.com%2Fmonitor%2Freviews%2Fdell%2Fu2718q&PageUrl=https%3A%2F%2Fwww.rtings.com%2Fmonitor%2Freviews%2Fdell%2Fu2718q&PageReferrer=https%3A%2F%2Fwww.rtings.com%2Fmonitor%2Freviews%2Fdell%2Fu2718q&CanonicalUrl=https%3A%2F%2Fwww.rtings.com%2Fmonitor%2Freviews%2Fdell%2Fu2718q' from origin 'https://www.rtings.com' has been blocked by CORS policy: No 'Access-Control-Allow-Origin' header is present on the requested resource. @ https://www.rtings.com/monitor/reviews/dell/u2718q:0
[  438911ms] [ERROR] Failed to load resource: net::ERR_FAILED @ https://hb-api.omnitagjs.com/hb-api/prebid/v1?RefererUrl=https%3A%2F%2Fwww.rtings.com%2Fmonitor%2Freviews%2Fdell%2Fu2718q&PageUrl=https%3A%2F%2Fwww.rtings.com%2Fmonitor%2Freviews%2Fdell%2Fu2718q&PageReferrer=https%3A%2F%2Fwww.rtings.com%2Fmonitor%2Freviews%2Fdell%2Fu2718q&CanonicalUrl=https%3A%2F%2Fwww.rtings.com%2Fmonitor%2Freviews%2Fdell%2Fu2718q:0
